Facility Name,State,1995 NOX Emissions (tons),2019 NOX Emissions (tons),1995 vs 2019 NOX Emissions (tons),Latitude (degrees),Longitude (degrees)
AMEA Sylacauga Plant,AL,,23.00,,33.1661,-86.2825
Barry,AL,"33,140",2361.00,"-30,779",31.0069,-88.0103
Calhoun Energy Center,AL,,60.00,,33.5883,-85.9731
Charles R Lowman,AL,"12,265",2248.00,"-10,017",31.4858,-87.9106
Chickasaw,AL,0,,,30.7633,-88.0606
Colbert,AL,"16,042",11.00,"-16,031",34.7439,-87.8486
Decatur Energy Center,AL,,78.00,,34.6292,-87.0214
E B Harris Generating Plant,AL,,155.00,,32.3814,-86.5736
E C Gaston,AL,"18,632",3463.00,"-15,169",33.2442,-86.4567
Gadsden,AL,"1,830",184.00,"-1,646",34.0128,-85.9708
Gorgas,AL,"28,550",491.00,"-28,059",33.6446,-87.2003
Greene County,AL,"15,273",1572.00,"-13,701",32.6017,-87.7811
Hillabee Energy Center,AL,,136.00,,33,-85.9031
Hog Bayou Energy Center,AL,,42.00,,30.7478,-88.0575
James H Miller Jr,AL,"39,898",6807.00,"-33,091",33.6319,-87.0597
McIntosh (7063),AL,0,144.00,144,31.2546,-88.0299
McWilliams,AL,,207.00,,31.4001,-86.4767
Morgan Energy Center,AL,,100.00,,34.6397,-87.0639
Plant H. Allen Franklin,AL,,366.00,,32.6094,-85.0961
SABIC Innovative Plastics - Burkville,AL,,62.00,,32.3102,-86.5242
Tenaska Central Alabama Gen Station,AL,,182.00,,32.6503,-86.7386
Tenaska Lindsay Hill Generating Station,AL,,51.00,,32.6514,-86.7386
Theodore Cogeneration,AL,,50.00,,30.5248,-88.1289
Walton Discover Power Facility,AL,,20.00,,32.5412,-85.0384
Washington County Cogen (Olin),AL,,192.00,,31.2622,-88.0052
Widows Creek,AL,"37,146",,,34.8825,-85.7547
Carl Bailey,AR,0,19.00,19,35.2597,-91.3631
City Water & Light - City of Jonesboro,AR,,15.00,,35.8481,-90.7257
Dell Power Plant,AR,,91.00,,35.8619,-90.0253
Flint Creek Power Plant,AR,"6,076",2373.00,"-3,703",36.2561,-94.5241
Fulton,AR,,38.00,,33.6094,-93.7924
Harry D. Mattison Power Plant,AR,,61.00,,36.1855,-94.2841
Harvey Couch,AR,459,,,33.3592,-93.4649
Hot Spring Energy Facility,AR,,121.00,,34.2963,-92.8683
Independence,AR,"14,798",5062.00,"-9,736",35.6733,-91.4083
John W. Turk Jr. Power Plant,AR,,722.00,,33.6497,-93.8119
Lake Catherine,AR,"2,133",191.00,"-1,942",34.4341,-92.9046
Magnet Cove Generating Station,AR,,168.00,,34.4304,-92.8333
McClellan,AR,0,39.00,39,33.5648,-92.7917
Oswald Generating Station,AR,,174.00,,34.5923,-92.2166
Pine Bluff Energy Center,AR,,242.00,,34.2181,-91.9025
Plum Point Energy Station,AR,,1583.00,,35.6626,-89.9469
Robert E Ritchie,AR,"1,865",,,34.4629,-90.5987
Thomas Fitzhugh,AR,172,93.00,-79,35.4617,-93.8053
Union Power Station,AR,,487.00,,33.2961,-92.5933
White Bluff,AR,"18,474",5968.00,"-12,506",34.4236,-92.1392
APS Saguaro Power Plant,AZ,0,20.00,20,32.5517,-111.3
APS West Phoenix Power Plant,AZ,,138.00,,33.4417,-112.1583
Agua Fria Generating Station,AZ,636,473.00,-163,33.5542,-112.2161
Apache Station,AZ,"6,652",1261.00,"-5,391",32.0619,-109.8931
Arlington Valley Energy Facility,AZ,,81.00,,33.3417,-112.8897
Black Mountain Generating Station,AZ,,45.00,,35.0361,-114.1594
Cholla,AZ,"11,332",3095.00,"-8,237",34.9394,-110.3033
Coolidge Generating Station,AZ,,16.00,,32.9175,-111.5041
Coronado Generating Station,AZ,"11,222",1831.00,"-9,391",34.5778,-109.2717
De Moss Petrie Generating Station,AZ,,4.00,,32.2511,-110.9889
Desert Basin Generating Station,AZ,,93.00,,32.9042,-111.7889
Gila River Power Station,AZ,,274.00,,32.9761,-112.694
Griffith Energy Project,AZ,,113.00,,35.0517,-114.1334
Irvington Generating Station,AZ,"1,788",1657.00,-131,32.16,-110.9047
Kyrene Generating Station,AZ,49,46.00,-3,33.3544,-111.9364
Mesquite Generating Station,AZ,,198.00,,33.3451,-112.8638
Navajo Generating Station,AZ,"29,521",11076.00,"-18,445",36.9047,-111.3886
"New Harquahala Generating Company, LLC",AZ,,,,33.4759,-113.1133
Ocotillo Power Plant,AZ,149,27.00,-122,33.4225,-111.9122
Redhawk Generating Facility,AZ,,154.00,,33.33,-112.84
Santan,AZ,,116.00,,33.3333,-111.751
"South Point Energy Center, LLC",AZ,,80.00,,34.8678,-114.5317
Springerville Generating Station,AZ,"11,186",5742.00,"-5,444",34.3186,-109.1636
Sundance Power Plant,AZ,,28.00,,32.9285,-111.5899
Yucca Power Plant,AZ,0,177.00,177,32.7214,-114.7097
Yuma Cogeneration Associates,AZ,,25.00,,32.7286,-114.6542
AES Alamitos,CA,656,52.00,-604,33.7688,-118.1009
AES Huntington Beach,CA,406,13.00,-393,33.6436,-117.9788
AES Redondo Beach,CA,264,17.00,-247,33.8504,-118.395
Agua Mansa Power,CA,,0.00,,34.0414,-117.3603
Algonquin Power Sanger,CA,,4.00,,36.72,-119.55
Almond Power Plant,CA,,14.00,,37.5739,-120.9854
Anaheim Combustion Turbine,CA,,2.00,,33.8539,-117.8561
Badger Creek Limited,CA,,49.00,,35.4837,-119.0299
Barre Generating Station,CA,,1.00,,33.8073,-117.9833
Bear Mountain Limited,CA,,111.00,,35.4192,-118.9266
Blythe Energy,CA,,47.00,,33.6157,-114.6865
Broadway,CA,150,,,34.1263,-118.1494
Cabrillo Power I Encina Power Station,CA,"1,282",23.00,"-1,259",33.1408,-117.3342
CalPeak Power - Border,CA,,1.00,,32.5622,-116.9433
CalPeak Power - Enterprise,CA,,0.00,,33.1221,-117.117
CalPeak Power - Panoche,CA,,0.00,,36.6531,-120.5797
CalPeak Power - Vaca Dixon,CA,,1.00,,38.3989,-121.9239
"Calpine Gilroy Cogen, LP",CA,,15.00,,37.0001,-121.5367
Calpine Sutter Energy Center,CA,,31.00,,39.0531,-121.6939
Canyon Power Plant,CA,,6.00,,33.8581,-117.8616
Carson Cogeneration,CA,,9.00,,38.4461,-121.4614
Carson Cogeneration Company,CA,,42.00,,33.8759,-118.2491
Center Generating Station,CA,,1.00,,33.9297,-118.1047
Chula Vista Energy Center,CA,,0.00,,32.5914,-117.0586
Coalinga Cogeneration Facility,CA,,,,36.1807,-120.3885
Colusa Generating Station,CA,,29.00,,39.3648,-122.268
Contra Costa Generating Station,CA,932,,,38.0184,-121.761
Coolwater Generating Station,CA,"5,242",,,34.8622,-116.854
Cosumnes Power Plant,CA,,51.00,,38.3383,-121.1239
Creed Energy Center,CA,,1.00,,38.2419,-121.8551
Cuyamaca Peak Energy,CA,,1.00,,32.7971,-116.972
DTE Stockton,CA,,103.00,,37.9416,-121.3273
"Delano Energy Center, LLC",CA,,0.00,,35.7909,-119.2945
"Delta Energy Center, LLC",CA,,109.00,,38.0167,-121.8439
Donald Von Raesfeld,CA,,18.00,,37.3767,-121.9508
"Dynegy South Bay, LLC",CA,"1,189",,,32.6131,-117.0964
El Cajon Energy Center,CA,,1.00,,32.7971,-116.972
El Centro,CA,0,48.00,48,32.8022,-115.54
El Segundo,CA,443,10.00,-433,33.9106,-118.425
Elk Hills Power,CA,,66.00,,35.2802,-119.4699
"Escondido Energy Center, LLC",CA,,1.00,,33.1261,-117.1172
Etiwanda Generating Station,CA,485,,,34.0911,-117.5256
Feather River Energy Center,CA,,12.00,,39.1088,-121.6133
"Fresno Cogeneration Partners, LP",CA,,0.00,,36.6183,-120.1
Gateway Generating Station,CA,,66.00,,38.0167,-121.7592
"Gilroy Energy Center, LLC",CA,,4.00,,36.999,-121.5363
Glenarm,CA,,7.00,,34.1256,-118.1474
Goal Line,CA,,1.00,,33.1185,-117.0995
Goose Haven Energy Center,CA,,1.00,,38.2271,-121.844
Grapeland Generating Station,CA,,1.00,,34.09,-117.534
Grayson Power Plant,CA,12,18.00,6,34.1556,-118.2782
Greenleaf One,CA,,4.00,,39.0536,-121.6942
Hanford Energy Park Peaker,CA,,1.00,,36.2689,-119.6469
Harbor Generating Station,CA,35,10.00,-25,33.7691,-118.2662
Haynes Generating Station,CA,238,77.00,-161,33.7639,-118.0942
Henrietta Peaker Plant,CA,,3.00,,36.2397,-119.9044
High Desert Power Project,CA,,106.00,,34.5953,-117.3647
Humboldt Bay,CA,125,,,40.7415,-124.2103
Hunters Point,CA,650,,,37.7372,-122.378
Indigo Generation Facility,CA,,4.00,,33.9114,-116.5533
Inland Empire Energy Center,CA,,1.00,,33.7393,-117.1701
Ivanpah 1,CA,,2.00,,35.5356,-115.4515
Ivanpah 2,CA,,3.00,,35.5561,-115.4686
Ivanpah 3,CA,,2.00,,35.5808,-115.4825
King City Power Plant,CA,,3.00,,36.225,-121.1278
Kingsburg Cogen Facility,CA,,0.00,,36.547,-119.578
La Paloma Generating Plant,CA,,33.00,,35.2956,-119.5919
Lake,CA,,2.00,,34.1775,-118.3147
Lambie Energy Center,CA,,2.00,,38.2216,-121.8683
Larkspur Energy Faciity,CA,,5.00,,32.5672,-116.9444
Live Oak Limited,CA,,34.00,,35.4837,-119.0298
Lodi Energy Center,CA,,25.00,,38.088,-121.3867
Long Beach Generating Station,CA,,4.00,,33.7641,-118.2248
Los Esteros Critical Energy Facility,CA,,5.00,,37.425,-121.9319
"Los Medanos Energy Center, LLC",CA,,77.00,,38.03,-121.8708
Magnolia,CA,,30.00,,34.1788,-118.3153
Magnolia (OLD),CA,2,,,34.1781,-118.3139
Malaga Power,CA,,2.00,,36.6894,-119.7399
Malburg Generating Station,CA,,19.00,,33.9983,-118.2219
Mandalay Generating Station,CA,"12,134",,,34.2072,-119.2511
Mariposa Energy Project,CA,,7.00,,37.7965,-121.6049
Marsh Landing Generating Station,CA,,3.00,,38.0171,-121.7651
McGrath Generating Station,CA,,1.00,,34.2054,-119.2478
McKittrick Limited,CA,,40.00,,35.3195,-119.662
Metcalf Energy Center,CA,,69.00,,37.2169,-121.7439
Midway Peaking,CA,,5.00,,36.654,-120.5797
Mira Loma Generating Station,CA,,1.00,,34.0054,-117.5604
Miramar Energy Facility,CA,,7.00,,32.8769,-117.1664
"Morro Bay Power Plant, LLC",CA,813,,,35.3747,-120.8578
Moss Landing,CA,"1,743",173.00,"-1,570",36.8042,-121.7775
Mountainview Generating Station,CA,35,69.00,34,34.0836,-117.2408
NCPA Combustion Turbine Project #2,CA,,1.00,,38.088,-121.3871
Niland Gas Turbine Plant,CA,,3.00,,33.2432,-115.498
Olive,CA,28,,,34.1775,-118.3147
Orange Grove Project,CA,,1.00,,33.359,-117.111
Ormond Beach Generating Station,CA,"6,667",8.00,"-6,659",34.1292,-119.1689
"Otay Mesa Energy Center, LLC",CA,,19.00,,32.5733,-116.9153
Palomar Energy Center,CA,,30.00,,33.1192,-117.118
Panoche Energy Center,CA,,31.00,,36.6513,-120.5833
Pastoria Energy Facility,CA,,101.00,,34.9556,-118.844
Pio Pico Energy Center LLC,CA,,7.00,,32.5739,-116.9178
Pittsburg Generating Station (CA),CA,578,,,38.0392,-121.894
Potrero Generating Station,CA,611,,,37.7558,-122.3869
Redding Power Plant,CA,,5.00,,40.5083,-122.4253
Ripon Generation Station,CA,,1.00,,37.7315,-121.116
Riverside Energy Resource Center,CA,,4.00,,33.9636,-117.4528
Riverview Energy Center,CA,,2.00,,38.0145,-121.7901
Roseville Energy Park,CA,,8.00,,38.7926,-121.3823
Russell City Energy Company LLC,CA,,25.00,,37.6341,-122.1326
SCA Cogen II,CA,,24.00,,38.5306,-121.399
Sacramento Power Authority Cogen,CA,,26.00,,38.511,-121.4735
Salinas River Cogeneration Facility,CA,,19.00,,35.9515,-120.8679
Sargent Canyon Cogen Facility,CA,,,,35.9359,-120.8405
Scattergood Generating Station,CA,432,28.00,-404,33.9175,-118.4258
"Sentinel Energy Center, LLC",CA,,35.00,,33.9366,-116.5722
Sunrise Power Company,CA,,38.00,,35.2097,-119.585
Tracy Combined Cycle Power Plant,CA,,41.00,,37.7107,-121.4906
Valley Generating Station,CA,10,71.00,61,34.2481,-118.3903
Walnut Creek Energy Park,CA,,23.00,,34.0078,-117.9425
Walnut Energy Center,CA,,30.00,,37.4878,-120.8956
Wolfskill Energy Center,CA,,1.00,,38.2282,-122.076
Woodland Generation Station,CA,,13.00,,37.6528,-121.0172
Yuba City Energy Center,CA,,14.00,,39.1365,-121.6397
Arapahoe,CO,"4,737",,,39.67,-105.0028
Arapahoe Combustion Turbine Facility,CO,,23.00,,39.6692,-105.0018
Blue Spruce Energy Center,CO,,93.00,,39.7436,-104.68
Brush Power Projects,CO,,55.00,,40.2415,-103.631
Cameo,CO,"1,887",,,39.1486,-108.3189
Cherokee,CO,"19,617",509.00,"-19,108",39.8078,-104.9648
Comanche (470),CO,"6,298",4469.00,"-1,829",38.2081,-104.5747
Craig,CO,"14,574",7989.00,"-6,585",40.4627,-107.5912
Fort St. Vrain,CO,,459.00,,40.2461,-104.8742
Fountain Valley Power Plant,CO,,34.00,,38.5569,-104.6875
Frank Knutson Station,CO,,16.00,,39.9414,-104.6817
Front Range Power Plant,CO,,362.00,,38.6281,-104.7069
Hayden,CO,"14,298",738.00,"-13,560",40.4856,-107.185
J M Shafer,CO,,223.00,,40.0979,-104.7745
Limon Generating Station,CO,,13.00,,39.2038,-103.7005
Manchief Generating Station,CO,,99.00,,40.2201,-103.679
Martin Drake,CO,"8,108",1008.00,"-7,100",38.8244,-104.8331
Nucla,CO,681,239.00,-442,38.2387,-108.5083
Pawnee,CO,"4,869",792.00,"-4,077",40.2217,-103.6803
Pueblo Airport Generating Station,CO,,35.00,,38.322,-104.533
Rawhide Energy Station,CO,"3,743",1150.00,"-2,593",40.8611,-105.0206
Ray D Nixon,CO,"3,301",950.00,"-2,351",38.6306,-104.7056
Rocky Mountain Energy Center,CO,,158.00,,40.0911,-104.5947
Spindle Hill Energy Center,CO,,78.00,,40.0914,-104.8819
Valmont,CO,"3,251",,,40.0195,-105.202
Valmont Combustion Turbine Facility,CO,,,,40.0197,-105.202
Zuni,CO,35,22.00,-13,39.7369,-105.0169
Alfred L Pierce Generating Station,CT,,1.00,,41.4485,-72.834
Bridgeport Energy,CT,,169.00,,41.1692,-73.1844
Bridgeport Harbor Station,CT,"3,323",70.00,"-3,253",41.1706,-73.1843
CPV Towantic Energy Center,CT,,76.00,,41.4841,-73.1229
Capitol District Energy Center,CT,,3.00,,41.7639,-72.6925
Devon,CT,0,9.00,9,41.2083,-73.1092
Kleen Energy Systems Project,CT,,64.00,,41.5526,-72.597
Lake Road Generating Company,CT,,112.00,,41.8736,-71.8947
Middletown,CT,"1,750",153.00,"-1,597",41.5544,-72.5793
Milford Power Company LLC,CT,,85.00,,41.2239,-73.1
Montville,CT,345,7.00,-338,41.4281,-72.1019
New Haven Harbor,CT,"1,224",6.00,"-1,218",41.2836,-72.9042
Norwalk Harbor Station,CT,0,,,41.0732,-73.4098
"Wallingford Energy, LLC",CT,,6.00,,41.4486,-72.8358
Waterbury Generation,CT,,1.00,,41.5444,-73.0416
Benning Generation Station,DC,357,,,38.8994,-76.9592
Delaware City Refinery,DE,,69.00,,39.5936,-75.6337
Edge Moor,DE,"5,835",61.00,"-5,774",39.7372,-75.5033
Garrison Energy Center,DE,,40.00,,39.1882,-75.4999
Hay Road,DE,161,112.00,-49,39.7436,-75.5072
Indian River,DE,"10,356",74.00,"-10,282",38.5857,-75.2341
McKee Run,DE,909,4.00,-905,39.1748,-75.5455
NRG Energy Center Dover,DE,,11.00,,39.1467,-75.5461
Van Sant,DE,45,4.00,-41,39.15,-75.5466
Warren F. Sam Beasley Pwr Station,DE,,3.00,,39.2798,-75.6246
Anclote,FL,"5,867",1335.00,"-4,532",28.1844,-82.7887
Arvah B Hopkins,FL,"1,064",98.00,-966,30.4522,-84.4
Auburndale Peaker Energy Center,FL,,,,28.0534,-81.8059
Bayside Power Station,FL,,363.00,,27.9072,-82.4231
Big Bend,FL,"57,483",2277.00,"-55,207",27.7944,-82.4036
Brandy Branch,FL,,152.00,,30.3206,-81.9486
C D McIntosh Jr Power Plant,FL,"6,802",1162.00,"-5,640",28.0809,-81.9256
Cane Island,FL,0,118.00,118,28.2764,-81.533
Cape Canaveral,FL,"8,914",171.00,"-8,743",28.4694,-80.7642
Charles Larsen Memorial Power Plant,FL,118,36.00,-82,28.0491,-81.9238
Crist Electric Generating Plant,FL,"13,696",,,30.5661,-87.2289
Crystal River,FL,"38,761",2944.00,"-35,817",28.9594,-82.7003
Curtis H. Stanton Energy Center,FL,"5,189",4532.00,-657,28.4836,-81.1686
Cutler,FL,106,,,25.6321,-80.2989
Debary,FL,0,70.00,70,28.9047,-81.3319
Deerhaven,FL,"3,821",1388.00,"-2,433",29.7586,-82.3883
Deerhaven Renewable Energy Center,FL,,277.00,,29.7675,-82.3964
F J Gannon,FL,"40,074",,,27.9083,-82.4194
Fort Myers,FL,"5,162",862.00,"-4,300",26.6967,-81.7831
Greenland Energy Center,FL,,75.00,,30.1603,-81.5164
Hardee Power Station,FL,,3.00,,27.6364,-81.9636
Henry D King,FL,46,,,27.45,-80.3239
Hines Energy Complex,FL,,683.00,,27.7886,-81.8694
Hookers Point,FL,430,,,27.9381,-82.4436
Indian River (55318),FL,0,,,28.4933,-80.7825
Indian River (683),FL,0,13.00,13,28.4933,-80.7825
Intercession City,FL,0,122.00,122,28.2628,-81.5486
J D Kennedy,FL,53,40.00,-13,30.3644,-81.6236
J R Kelly,FL,149,60.00,-89,29.6467,-82.3219
Lansing Smith Generating Plant,FL,"6,980",405.00,"-6,575",30.2689,-85.7003
Lauderdale,FL,"2,780",67.00,"-2,713",26.0681,-80.1983
Manatee,FL,"6,783",976.00,"-5,807",27.6058,-82.3456
Martin,FL,"3,916",594.00,"-3,322",27.0536,-80.5628
Midulla Generating Station,FL,,451.00,,27.6417,-81.9625
Mulberry Cogeneration Facility,FL,1,64.00,63,27.8489,-81.8775
Northside,FL,"3,103",2864.00,-239,30.4172,-81.5525
Okeechobee Clean Energy Center,FL,,186.00,,27.6342,-80.7911
Oleander Power Project,FL,,35.00,,28.3661,-80.7947
Orange Cogeneration Facility,FL,52,81.00,29,27.8708,-81.8253
Orlando CoGen,FL,188,200.00,12,28.4422,-81.4119
Osceola,FL,,,,28.1289,-81.0978
Osprey Energy Center,FL,,91.00,,28.0525,-81.8083
P L Bartow,FL,"3,020",735.00,"-2,285",27.8613,-82.6012
Polk,FL,,513.00,,27.7286,-81.9897
Port Everglades,FL,"8,969",169.00,"-8,800",26.0856,-80.1253
Putnam,FL,0,,,29.6283,-81.5856
"Quantum Auburndale Power, LP",FL,0,,,28.0542,-81.8058
Reedy Creek,FL,43,6.00,-37,28.4272,-81.5803
Riviera Beach Energy Center,FL,"8,549",165.00,"-8,384",26.7653,-80.0528
S O Purdom,FL,217,124.00,-93,30.1619,-84.2014
Sanford,FL,"8,977",952.00,"-8,025",28.8419,-81.3256
Santa Rosa Energy Center,FL,,155.00,,30.5661,-87.115
Scholz Electric Generating Plant,FL,740,,,30.6689,-84.8869
Seminole (136),FL,"20,616",2203.00,"-18,413",29.7333,-81.6339
Shady Hills,FL,,44.00,,28.3665,-82.5591
Southside,FL,204,,,30.3167,-81.6486
St. Johns River Power,FL,"26,282",,,30.4311,-81.5508
Stanton A,FL,,72.00,,28.4881,-81.1675
Stock Island,FL,,1.00,,24.5636,-81.7342
Suwannee River,FL,590,,,30.3764,-83.1806
Tiger Bay,FL,,71.00,,27.7447,-81.85
Tom G Smith,FL,76,1.00,-75,26.6125,-80.0678
Treasure Coast Energy Center,FL,,38.00,,27.3839,-80.3775
Turkey Point,FL,"6,981",132.00,"-6,849",25.4356,-80.3308
University of Florida,FL,79,87.00,8,29.6397,-82.3486
Vandolah Power Project,FL,,181.00,,27.5242,-81.9236
Vero Beach Municipal,FL,175,,,27.6311,-80.3758
West County Energy Center,FL,,547.00,,26.6986,-80.3747
AL Sandersville Energy Facility,GA,,11.00,,33.1189,-82.8608
Albany Green Energy LLC,GA,,133.00,,31.5492,-84.1114
Allen B Wilson Combustion Turbine Plant,GA,,25.00,,33.138,-81.748
Arkwright,GA,"1,114",,,32.9269,-83.6997
Atkinson,GA,336,,,33.8244,-84.475
Baconton Power,GA,,119.00,,31.3869,-84.0819
Bowen,GA,"42,568",5732.00,"-36,836",34.1256,-84.9192
Chattahoochee Energy Facility,GA,,103.00,,33.407,-85.0387
Dahlberg (Jackson County),GA,,84.00,,34.0386,-83.3972
Doyle Energy Facility,GA,,34.00,,33.8376,-83.6996
Edward L Addison Generating Plant,GA,,71.00,,32.911,-84.3059
"Effingham County Power, LLC",GA,,72.00,,32.2792,-81.2842
Hammond,GA,"8,097",212.00,"-7,885",34.2533,-85.3456
Harllee Branch,GA,"39,932",,,33.1942,-83.2994
Hartwell Energy Facility,GA,,161.00,,34.3387,-82.8207
Hawk Road Energy Facility,GA,,151.00,,33.3577,-84.9912
Jack McDonough,GA,"5,691",486.00,"-5,205",33.8244,-84.475
Kraft,GA,"1,215",,,32.1486,-81.1458
MPC Generating,GA,,7.00,,33.8122,-83.6954
McIntosh (6124),GA,"2,885",339.00,"-2,546",32.3558,-81.1683
McIntosh Combined Cycle Facility,GA,,175.00,,32.3478,-81.1828
McManus,GA,0,104.00,104,31.2125,-81.5458
Mid-Georgia Cogeneration,GA,,84.00,,32.4853,-83.6036
Mitchell (GA),GA,"1,120",,,31.4444,-84.1322
Riverside (734),GA,0,,,32.0833,-81.0958
Robins,GA,0,112.00,112,32.5806,-83.5831
Scherer,GA,"44,617",10068.00,"-34,549",33.0583,-83.8072
Sewell Creek Energy,GA,,213.00,,33.9486,-85.2769
Smarr Energy Facility,GA,,78.00,,32.9856,-83.8464
Sowega Power Project,GA,,55.00,,31.3869,-84.0814
Talbot Energy Facility,GA,,96.00,,32.5892,-84.6917
Tenaska Georgia Generating Station,GA,,24.00,,33.3516,-84.9996
Thomas A. Smith Energy Facility,GA,,197.00,,34.7094,-84.9182
Walton Bainbridge Power Facility,GA,,0.00,,30.9111,-84.5472
Walton County Power,GA,,115.00,,33.8147,-83.6969
Wansley (6052),GA,"16,534",1248.00,"-15,286",33.4124,-85.0345
Wansley (7946),GA,,117.00,,33.4082,-85.0399
Wansley CC (55965),GA,,267.00,,33.4063,-85.0373
Washington County Power,GA,,44.00,,33.0917,-82.9803
Yates,GA,"5,890",815.00,"-5,075",33.4622,-84.8986
Ames,IA,948,97.00,-851,42.0247,-93.6069
Burlington (IA),IA,"1,659",931.00,-728,40.7412,-91.1168
Dayton Avenue Substation,IA,,0.00,,42.0269,-93.5828
Dubuque,IA,"1,044",,,42.506,-90.6527
Earl F Wisdom,IA,101,8.00,-93,43.1606,-95.2569
Electrifarm,IA,,10.00,,42.4407,-92.4205
Emery Station,IA,,71.00,,43.094,-93.2922
Exira Station,IA,,55.00,,41.5131,-94.9189
Fair Station,IA,936,,,41.4569,-90.8233
George Neal North,IA,"20,620",1836.00,"-18,784",42.3251,-96.3797
George Neal South,IA,"11,757",1382.00,"-10,375",42.3022,-96.3622
Greater Des Moines Energy Center,IA,,16.00,,41.5563,-93.5283
Lansing,IA,"2,448",109.00,"-2,339",43.3359,-91.1672
Lime Creek,IA,0,3.00,3,43.2481,-93.2046
Louisa,IA,"4,723",2960.00,"-1,763",41.3153,-91.0936
Marshalltown CTs,IA,,49.00,,42.0474,-92.8594
Marshalltown Generating Station,IA,,67.00,,42.04,-92.87
Milton L Kapp,IA,"2,093",,,41.8081,-90.2345
Muscatine,IA,"4,094",2544.00,"-1,550",41.3917,-91.0569
Ottumwa,IA,"14,829",2063.00,"-12,766",41.0961,-92.5556
Pella,IA,353,,,41.3981,-92.9144
Pleasant Hill Energy Center,IA,0,6.00,6,41.5572,-93.5242
Prairie Creek,IA,"3,144",390.00,"-2,754",41.9439,-91.6386
Riverside (1081),IA,820,5.00,-815,41.5404,-90.4483
Sixth Street,IA,"2,608",,,41.9839,-91.6686
Streeter Station,IA,106,5.00,-101,42.5267,-92.4394
Summit Lake,IA,,30.00,,41.1141,-94.3499
Sutherland,IA,"3,643",,,42.0472,-92.8627
Sycamore Combustion Turbine,IA,,5.00,,41.6722,-93.6769
Walter Scott Jr. Energy Center,IA,"8,287",5592.00,"-2,695",41.18,-95.8408
Bennett Mountain Power Project,ID,,139.00,,43.147,-115.6671
Evander Andrews Power Complex,ID,,66.00,,43.1794,-115.7328
Langley Gulch Power Plant,ID,,37.00,,43.9046,-116.8181
Rathdrum Combustion Turbine Project,ID,33,31.00,-2,47.8034,-116.869
"Rathdrum Power, LLC",ID,,77.00,,47.7861,-116.9214
Alsey Station,IL,,10.00,,39.5697,-90.4362
Aurora,IL,,197.00,,41.8151,-88.2265
Baldwin Energy Complex,IL,"65,298",2810.00,"-62,488",38.205,-89.855
"Calumet Energy Team, LLC",IL,,6.00,,41.6835,-87.5563
Coffeen,IL,"23,495",1649.00,"-21,846",39.0586,-89.4031
Collins Station,IL,"3,030",,,41.3528,-88.3517
Cordova Energy Company,IL,,55.00,,41.7146,-90.2802
Crawford,IL,"3,871",,,41.8278,-87.7236
Crete Energy Park,IL,,12.00,,41.4297,-87.6187
Dallman,IL,"8,810",835.00,"-7,975",39.7539,-89.6011
Duck Creek,IL,"9,872",1214.00,"-8,658",40.4663,-89.9841
E D Edwards,IL,"9,949",2335.00,"-7,614",40.5958,-89.6631
"Elgin Energy Center, LLC",IL,,84.00,,41.9997,-88.2445
Elwood Energy Facility,IL,,60.00,,41.4388,-88.1236
Factory Gas Turbine,IL,,7.00,,39.8266,-89.6368
Fisk,IL,"3,342",33.00,"-3,309",41.8508,-87.6533
Freedom Power Project,IL,,0.00,,39.1025,-88.8589
"Gibson City Energy Center, LLC",IL,,31.00,,40.4705,-88.3987
Goose Creek Power Plant,IL,,1.00,,40.1083,-88.5986
"Grand Tower Energy Center, LLC",IL,"1,206",297.00,-909,37.6578,-89.5119
Havana,IL,"3,563",658.00,"-2,905",40.2797,-90.0775
Hennepin Power Station,IL,"4,279",1162.00,"-3,117",41.3017,-89.3136
Holland Energy Facility,IL,,77.00,,39.2242,-88.7594
Hutsonville,IL,"1,028",,,39.1333,-87.6597
Interstate,IL,,8.00,,39.8233,-89.5888
Joliet 29,IL,"10,303",631.00,"-9,672",41.4947,-88.125
Joliet 9,IL,"5,960",6.00,"-5,954",41.4947,-88.125
Joppa Steam,IL,"10,399",2698.00,"-7,701",37.2103,-88.8606
Kendall Energy Facility,IL,,329.00,,41.4797,-88.2581
Kincaid Generating Station,IL,"16,986",1016.00,"-15,970",39.5906,-89.4964
Kinmundy Power Plant,IL,,1.00,,38.7619,-89.0128
"LSP University Park, LLC",IL,,46.00,,41.4426,-87.7515
Lakeside,IL,905,,,39.7539,-89.6011
"Lee County Generating Station, LLC",IL,,28.00,,41.8287,-89.4054
Lincoln Generating Facility,IL,,2.00,,41.3937,-87.9437
MEPI GT Facility,IL,,7.00,,37.2175,-88.8658
Marion,IL,"3,543",1198.00,"-2,345",37.6206,-88.955
Meredosia,IL,"3,835",,,39.8194,-90.5647
"Morris Cogeneration, LLC",IL,,200.00,,41.4092,-88.3292
Nelson Energy Center,IL,,235.00,,41.7749,-89.6067
Newton,IL,"10,310",1813.00,"-8,497",38.9361,-88.2778
Pinckneyville Power Plant,IL,,35.00,,38.1114,-89.3467
Powerton,IL,"25,501",1580.00,"-23,921",40.5408,-89.6786
Prairie State Generating Station,IL,,4126.00,,38.2792,-89.667
Raccoon Creek Power Plant,IL,,0.00,,38.6996,-88.5392
Rockford Energy Center,IL,,36.00,,42.2403,-89.1025
Rockford II Energy Center,IL,,24.00,,42.2383,-89.1014
"Rocky Road Power, LLC",IL,,27.00,,42.0931,-88.2397
Shelby County,IL,,92.00,,39.2794,-88.4772
Southeast Chicago Energy Project,IL,,44.00,,41.7181,-87.5449
Tilton Power Station,IL,,45.00,,40.1063,-87.6539
University Park Energy,IL,,215.00,,41.4405,-87.7528
Venice,IL,76,8.00,-68,38.6642,-90.1764
Vermilion Power Station,IL,542,,,40.1781,-87.7481
Waukegan,IL,"6,296",821.00,"-5,475",42.3833,-87.8133
Will County,IL,"15,895",411.00,"-15,484",41.6334,-88.0626
Wood River Power Station,IL,"5,705",,,38.8639,-90.1325
Zion Energy Center,IL,,123.00,,42.4776,-87.895
A B Brown Generating Station,IN,"6,713",2424.00,"-4,289",37.9053,-87.715
Alcoa Allowance Management Inc,IN,"10,992",8444.00,"-2,548",37.915,-87.3328
Anderson,IN,,4.00,,40.0529,-85.7389
Bailly Generating Station,IN,"25,842",,,41.6433,-87.1225
Broadway Avenue Generating Station,IN,,,,37.9694,-87.6044
C. C. Perry K Steam Plant,IN,,142.00,,39.7622,-86.1667
Cayuga,IN,"10,249",4408.00,"-5,841",39.9239,-87.4272
Clifty Creek,IN,"61,624",5375.00,"-56,249",38.7383,-85.4192
Dean H Mitchell Generating Station,IN,"5,426",,,41.6394,-87.4069
Edwardsport Generating Station,IN,"1,148",769.00,-379,38.8067,-87.2472
F B Culley Generating Station,IN,"6,116",1003.00,"-5,113",37.91,-87.3267
Frank E Ratts,IN,"4,328",,,38.5201,-87.2662
Georgetown Substation,IN,,20.00,,39.9022,-86.2439
Gibson,IN,"52,973",8121.00,"-44,852",38.3722,-87.7661
Henry County Generating Station,IN,,108.00,,39.9528,-85.5039
Hoosier Energy Lawrence Co Station,IN,,20.00,,38.8003,-86.4511
IPL - Eagle Valley Generating Station,IN,"1,597",115.00,"-1,482",39.4851,-86.4176
IPL - Harding Street Station (EW Stout),IN,"5,748",492.00,"-5,256",39.7119,-86.1975
IPL - Petersburg Generating Station,IN,"22,250",6946.00,"-15,304",38.5267,-87.2525
Lawrenceburg Energy Facility,IN,,283.00,,39.0913,-84.8667
Merom,IN,"12,882",1476.00,"-11,406",39.0694,-87.5108
Michigan City Generating Station,IN,"16,559",534.00,"-16,025",41.7203,-86.9097
Montpelier Electric Gen Station,IN,,122.00,,40.6206,-85.3057
Noblesville,IN,791,60.00,-731,40.0969,-85.9714
R Gallagher,IN,"6,871",84.00,"-6,787",38.2636,-85.8381
R M Schahfer Generating Station,IN,"20,739",4985.00,"-15,754",41.2175,-87.0239
Richmond (IN),IN,,2.00,,39.8383,-84.9665
Rockport,IN,"34,066",6093.00,"-27,973",37.9256,-87.0372
St. Joseph Energy Center LLC,IN,,116.00,,41.6996,-86.4814
State Line Generating Station (IN),IN,"6,842",,,41.7072,-87.5217
Sugar Creek Generating Station,IN,,115.00,,39.3922,-87.5103
Tanners Creek,IN,"32,397",,,39.0831,-84.8581
Vermillion Generating Station,IN,,24.00,,39.9208,-87.445
Wabash River Gen Station,IN,"5,958",19.00,"-5,939",39.53,-87.4247
Wabash River Highland Plant,IN,212,19.00,-193,39.5326,-87.4262
Wheatland Generating Facility LLC,IN,,134.00,,38.6716,-87.2931
Whitewater Valley,IN,"2,343",102.00,"-2,241",39.8028,-84.8953
"Whiting Clean Energy, Inc.",IN,,99.00,,41.6739,-87.4778
Worthington Generation,IN,,28.00,,39.0717,-87.0128
Chanute 2,KS,,127.00,,37.6953,-95.4586
Cimarron River,KS,16,1.00,-15,37.1611,-100.7619
Clifton Station,KS,,17.00,,39.6125,-97.2778
Coffeyville,KS,51,35.00,-16,37.0456,-95.6076
East 12th Street,KS,77,20.00,-57,37.2376,-96.9619
Emporia Energy Center,KS,,223.00,,38.4464,-96.0651
Fort Dodge aka Judson Large,KS,145,6.00,-139,37.7328,-99.9497
Garden City,KS,,125.00,,37.9703,-100.8956
Gordon Evans Energy Center,KS,"2,270",66.00,"-2,204",37.7903,-97.5217
Great Bend Station aka Arthur Mullergren,KS,39,2.00,-37,38.41,-98.8689
Holcomb,KS,"3,052",1611.00,"-1,441",37.9306,-100.9725
Hutchinson Energy Center,KS,"2,098",56.00,"-2,042",38.0906,-97.8747
Jeffrey Energy Center,KS,"27,073",3802.00,"-23,271",39.2825,-96.1153
Kaw,KS,"1,036",,,39.0864,-94.6514
La Cygne,KS,"29,069",2950.00,"-26,119",38.3472,-94.6389
Lawrence Energy Center,KS,"5,825",1892.00,"-3,933",39.0072,-95.2692
McPherson 2,KS,0,141.00,141,38.3461,-97.6761
McPherson Municipal Power Plant #3,KS,,11.00,,38.3864,-97.61
Murray Gill Energy Center,KS,"1,472",,,37.5956,-97.4131
Nearman Creek,KS,"3,890",1461.00,"-2,429",39.1714,-94.6958
Osawatomie Generating Station,KS,,4.00,,38.5325,-94.9042
Quindaro,KS,"3,028",106.00,"-2,922",39.1486,-94.6405
Riverton,KS,"1,764",119.00,"-1,645",37.0719,-94.6986
Tecumseh Energy Center,KS,"2,861",,,39.0522,-95.5669
West Gardner Generating Station,KS,,22.00,,38.7878,-94.985
Big Sandy,KY,"24,083",909.00,"-23,174",38.1707,-82.6176
Bluegrass Generating Station,KY,,54.00,,38.3902,-85.4133
Cane Run,KY,"13,031",441.00,"-12,590",38.1828,-85.8894
Coleman,KY,"12,095",,,37.9628,-86.7917
D B Wilson,KY,"8,748",1247.00,"-7,501",37.4497,-87.0803
E W Brown,KY,"5,907",525.00,"-5,382",37.7889,-84.7139
East Bend,KY,"8,480",1761.00,"-6,719",38.9031,-84.8511
Elmer Smith,KY,"14,073",2425.00,"-11,648",37.7958,-87.0597
Ghent,KY,"34,735",6351.00,"-28,384",38.7497,-85.035
Green River,KY,"3,491",,,37.3636,-87.1214
H L Spurlock,KY,"14,122",2442.00,"-11,680",38.7,-83.8175
HMP and L Station 2,KY,"10,208",20.00,"-10,188",37.6472,-87.5028
Henderson I,KY,162,,,37.8453,-87.5912
John S. Cooper,KY,"3,656",134.00,"-3,522",37,-84.5917
Marshall County,KY,,15.00,,37.0286,-88.3958
Mill Creek,KY,"22,612",6917.00,"-15,695",38.0531,-85.91
Paddy's Run,KY,,37.00,,38.2147,-85.8453
Paducah Power Systems Plant 1,KY,,25.00,,37.0339,-88.6161
Paradise,KY,"134,778",4411.00,"-130,367",37.2608,-86.9783
Pineville,KY,399,,,36.7967,-83.7614
R D Green,KY,"6,916",2872.00,"-4,044",37.6467,-87.5006
Riverside Generating Company,KY,,122.00,,38.1933,-82.6042
Robert Reid,KY,83,34.00,-49,37.6467,-87.5033
Shawnee,KY,"36,809",8026.00,"-28,783",37.1517,-88.775
Smith Generating Facility,KY,,79.00,,37.8824,-84.1025
Trimble County,KY,"7,808",2424.00,"-5,384",38.5847,-85.4117
Tyrone,KY,633,,,38.0478,-84.8483
William C. Dale,KY,"2,703",,,37.8807,-84.2634
Acadia Power Station,LA,,171.00,,30.4284,-92.4112
Arsenal Hill Power Plant,LA,177,141.00,-36,32.5181,-93.7611
Bayou Cove Peaking Power Plant,LA,,19.00,,30.2825,-92.5994
Big Cajun 1,LA,788,67.00,-721,30.6736,-91.3525
Big Cajun 2,LA,"12,878",1989.00,"-10,889",30.7261,-91.3669
Brame Energy Center,LA,"5,297",3736.00,"-1,561",31.395,-92.7167
Calcasieu Plant,LA,,56.00,,30.1603,-93.3458
Carville Energy Center,LA,,398.00,,30.2292,-91.065
Coughlin Power Station,LA,711,625.00,-86,30.8442,-92.2606
D G Hunter,LA,0,,,31.321,-92.4626
Doc Bonin,LA,0,,,30.2368,-92.0476
Dolet Hills Power Station,LA,"12,978",1301.00,"-11,677",32.0306,-93.5692
Hargis-Hebert Electric Generating Statio,LA,,12.00,,30.1694,-91.9923
Houma,LA,0,54.00,54,29.5808,-90.7222
LEPA Unit No. 1,LA,,10.00,,29.6913,-91.193
Lieberman Power Plant,LA,238,71.00,-167,32.7047,-93.9597
Little Gypsy,LA,"8,403",3354.00,"-5,049",30.0033,-90.4611
Louisiana 1,LA,"3,007",1681.00,"-1,326",30.4903,-91.1875
Michoud,LA,"6,880",,,30.0081,-89.9372
Ninemile Point,LA,"14,440",8495.00,"-5,945",29.9472,-90.1458
Ouachita Plant,LA,,192.00,,32.7056,-92.0697
Perryville Power Station,LA,,144.00,,32.6914,-92.0192
Plaquemine Cogen Facility,LA,,479.00,,30.3215,-91.2392
R S Cogen LLC,LA,,789.00,,30.221,-93.2826
R S Nelson,LA,"7,676",2427.00,"-5,249",30.2861,-93.2917
Ruston,LA,0,,,32.5286,-92.6131
St. Charles Power Station,LA,,85.00,,30.0051,-90.4617
Sterlington,LA,"1,352",8.00,"-1,344",32.7047,-92.0792
T J Labbe Electric Generating Station,LA,,10.00,,30.2554,-92.0433
Taft Cogeneration Facility,LA,,637.00,,29.9861,-90.4575
Teche Power Station,LA,"1,099",1289.00,190,29.8223,-91.5427
Waterford 1 & 2,LA,"2,146",617.00,"-1,529",29.9994,-90.4758
Willow Glen,LA,"4,858",,,30.2743,-91.1164
"ANP Bellingham Energy Company, LLC",MA,,104.00,,42.1113,-71.4529
"ANP Blackstone Energy Company, LLC",MA,,82.00,,42.0575,-71.5172
Bellingham,MA,,21.00,,42.0925,-71.4833
Berkshire Power,MA,,17.00,,42.0476,-72.6478
Brayton Point,MA,"10,400",,,41.7125,-71.1914
Canal Station,MA,"4,055",27.00,"-4,028",41.7694,-70.5097
Cleary Flood,MA,75,31.00,-44,41.8653,-71.1061
Dartmouth Power,MA,,6.00,,41.6728,-70.9989
Dighton,MA,,15.00,,41.8312,-71.1239
Exelon West Medway II,MA,,3.00,,42.1375,-71.444
Fore River Energy Center,MA,,107.00,,42.2417,-70.9653
Kendall Green Energy LLC,MA,137,48.00,-89,42.3633,-71.0792
MASSPOWER,MA,,41.00,,42.156,-72.5292
"Milford Power, LLC",MA,,23.00,,42.1292,-71.5122
Millennium Power Partners,MA,,42.00,,42.1127,-72.0152
Mount Tom,MA,"2,146",,,42.2814,-72.6053
Mystic,MA,"4,370",99.00,"-4,271",42.3917,-71.0667
New Boston,MA,"1,775",,,42.3406,-71.035
Potter,MA,,1.00,,42.235,-70.9672
Salem Harbor Station,MA,"4,294",,,42.5267,-70.8792
Salem Harbor Station NGCC,MA,,16.00,,42.5256,-70.8784
Somerset,MA,"1,656",,,41.737,-71.146
"Tanner Street Generation, LLC",MA,,2.00,,42.6308,-71.3133
West Springfield,MA,180,1.00,-179,42.0956,-72.5958
AES Warrior Run,MD,,459.00,,39.5944,-78.7456
Brandon Shores,MD,"24,713",999.00,"-23,714",39.1792,-76.5383
Brandywine Power Facility,MD,,87.00,,38.6681,-76.8678
C P Crane,MD,"12,223",,,39.3269,-76.365
CPV St. Charles Energy Center,MD,,60.00,,38.5686,-76.8919
Chalk Point,MD,"16,811",588.00,"-16,223",38.5444,-76.6861
Dickerson,MD,"11,570",238.00,"-11,332",39.2086,-77.4644
Gould Street,MD,160,,,39.2661,-76.6042
Herbert A Wagner,MD,"9,257",130.00,"-9,127",39.1781,-76.5268
Keys Energy Center,MD,,97.00,,38.6955,-76.8278
Morgantown,MD,"20,339",437.00,"-19,902",38.3592,-76.9767
Perryman,MD,,51.00,,39.4422,-76.2208
R. Paul Smith Power Station,MD,524,,,39.595,-77.8269
Riverside,MD,73,,,39.2369,-76.5133
Rock Springs Generating Facility,MD,,14.00,,39.7183,-76.1606
Vienna,MD,488,9.00,-479,38.4878,-75.8208
Westport,MD,,135.00,,39.2719,-76.6186
Wildcat Point Generation Facility,MD,,83.00,,39.7194,-76.1616
Androscoggin Energy,ME,,33.00,,44.5047,-70.2403
Bucksport Generation LLC,ME,,1.00,,44.5739,-68.8033
Maine Independence Station,ME,,22.00,,44.8236,-68.7106
Rumford Power,ME,,7.00,,44.5303,-70.5219
Westbrook Energy Center,ME,,64.00,,43.6576,-70.3772
William F Wyman,ME,"1,381",11.00,"-1,370",43.75,-70.1569
48th Street Peaking Station,MI,0,6.00,6,42.7553,-86.0853
Alpine Power Plant,MI,,85.00,,45.0624,-84.8261
B C Cobb,MI,"4,036",,,43.2542,-86.2417
Belle River,MI,"11,128",5527.00,"-5,601",42.7748,-82.4945
Cadillac Renewable Energy,MI,,131.00,,44.2634,-85.4348
DTE East China,MI,,42.00,,42.774,-82.4818
Dan E Karn,MI,"11,444",612.00,"-10,832",43.6425,-83.8431
Dearborn Industrial Generation,MI,,589.00,,42.3026,-83.154
Delray,MI,,3.00,,42.2947,-83.1019
Eckert Station,MI,"3,722",74.00,"-3,648",42.7183,-84.5586
Erickson,MI,"3,894",712.00,"-3,182",42.6919,-84.6572
Genesee Power Station,MI,,133.00,,43.0841,-83.6743
Grayling Generating Station,MI,,149.00,,44.6062,-84.6901
Greenwood,MI,263,627.00,364,43.1056,-82.6964
Hancock Peakers,MI,,24.00,,42.5497,-83.4425
Harbor Beach,MI,828,,,43.8519,-82.6436
Holland Energy Park,MI,,34.00,,42.793,-86.0925
J B Sims,MI,"1,035",296.00,-739,43.0722,-86.2342
J C Weadock,MI,"4,188",,,43.6425,-83.8431
J H Campbell,MI,"21,220",3217.00,"-18,003",42.9103,-86.2036
J R Whiting,MI,"8,988",,,41.7917,-83.4486
Jackson Generating Station,MI,,556.00,,42.2488,-84.3767
James De Young,MI,571,,,42.7956,-86.1133
Kalamazoo River Generating Station,MI,,18.00,,42.2797,-85.4922
Kalkaska CT Project #1,MI,,11.00,,44.6889,-85.2019
Lansing BWL REO Town Plant,MI,,100.00,,42.7197,-84.5518
Livingston Generating Station,MI,,25.00,,45.0291,-84.7332
Marysville,MI,214,,,42.9258,-82.4606
Michigan Hub Plant,MI,415,,,42.0317,-84.755
Michigan Power Limited Partnership,MI,,139.00,,43.94,-86.4247
Midland Cogeneration Venture,MI,,3885.00,,43.5861,-84.2242
Mistersky,MI,0,,,42.3038,-83.0904
Monroe,MI,"31,414",4992.00,"-26,422",41.8917,-83.3461
New Covert Generating Project,MI,,195.00,,42.3231,-86.2925
Presque Isle,MI,"11,852",531.00,"-11,321",46.5789,-87.395
Renaissance Power,MI,,194.00,,43.1864,-84.8429
River Rouge,MI,"9,439",1045.00,"-8,394",42.2733,-83.1131
Shiras,MI,374,,,46.5314,-87.3917
St. Clair,MI,"19,892",4634.00,"-15,258",42.7642,-82.4719
Sumpter Plant,MI,,61.00,,42.167,-83.5318
TES Filer City Station,MI,,1175.00,,44.217,-86.2906
Thetford,MI,,,,43.1568,-83.6285
Trenton Channel,MI,"9,375",1285.00,"-8,090",42.1236,-83.1811
Wyandotte,MI,443,6.00,-437,42.2081,-83.1453
Zeeland Generating Station,MI,,217.00,,42.82,-85.9988
Allen S King,MN,"21,697",913.00,"-20,784",45.03,-92.7786
Black Dog,MN,"6,571",130.00,"-6,441",44.8108,-93.2501
Blue Lake Generating Plant,MN,,38.00,,44.7855,-93.4315
Boswell Energy Center,MN,"16,402",2352.00,"-14,049",47.2603,-93.6531
Cambridge Station,MN,,22.00,,45.601,-93.2081
Cannon Falls Energy Center,MN,,48.00,,44.5364,-92.9147
Cascade Creek,MN,,38.00,,44.0322,-92.4908
Cottage Grove Cogeneration,MN,,22.00,,44.7956,-92.9119
Elk River,MN,,5.00,,45.2958,-93.5542
Faribault Energy Park,MN,,43.00,,44.3353,-93.2894
Fox Lake,MN,551,,,43.6728,-94.7074
Hibbard Energy Center,MN,375,442.00,67,46.7356,-92.1531
High Bridge,MN,"4,466",172.00,"-4,294",44.9331,-93.1075
Hoot Lake,MN,"1,402",486.00,-916,46.29,-96.0428
Hutchinson - Plant 2,MN,,9.00,,44.8889,-94.35
Inver Hills,MN,,26.00,,44.781,-93.042
Lakefield Junction Generating,MN,,14.00,,43.7984,-94.8415
Laskin Energy Center,MN,"1,008",14.00,-994,47.5306,-92.1619
Mankato Energy Center,MN,,64.00,,44.1965,-94.0099
Maple Lake Station,MN,,5.00,,45.229,-94.0097
Minnesota River Station,MN,,0.00,,44.795,-93.5808
Minnesota Valley,MN,259,,,44.8028,-95.5267
New Ulm,MN,,1.00,,44.3159,-94.4578
Northeast Station,MN,510,,,43.7014,-92.9626
Northshore Mining Silver Bay Power,MN,,682.00,,47.286,-91.26
Pleasant Valley Station,MN,,27.00,,43.7997,-92.6819
Riverside (1927),MN,"10,816",185.00,"-10,631",45.0203,-93.2753
Rock Lake Station,MN,,7.00,,45.819,-92.9702
Sherburne County,MN,"25,513",7626.00,"-17,887",45.3792,-93.8958
Silver Lake,MN,553,,,44.0281,-92.4597
Solway Plant,MN,,34.00,,47.5444,-95.1297
St. Bonifacius Station,MN,,4.00,,44.905,-93.821
Taconite Harbor Energy Center,MN,,,,47.5314,-90.9111
Asbury,MO,"7,564",819.00,"-6,745",37.3596,-94.5913
Audrain Power Plant,MO,,3.00,,39.3092,-91.5369
Blue Valley,MO,1,24.00,23,39.0919,-94.3261
Chamois Power Plant,MO,"1,316",,,38.6853,-91.7556
Chillicothe,MO,,32.00,,39.784,-93.562
Columbia,MO,236,3.00,-233,38.9658,-92.3175
Columbia Energy Center (MO),MO,,3.00,,39.0183,-92.2633
Dogwood Energy Facility,MO,,135.00,,38.7931,-94.3006
Empire District Elec Co Energy Ctr,MO,,105.00,,37.1385,-94.1041
Essex Power Plant,MO,,23.00,,36.8678,-89.8397
Fairgrounds,MO,,4.00,,38.5935,-92.2203
Greenwood Energy Center,MO,,31.00,,38.8615,-94.2982
Hawthorn,MO,"4,543",929.00,"-3,614",39.1306,-94.4778
Higginsville Municipal Power Plant,MO,,29.00,,39.0721,-93.721
Holden Power Plant,MO,,25.00,,38.7538,-93.9983
Iatan,MO,"9,452",2326.00,"-7,126",39.4472,-94.98
James River,MO,"3,429",139.00,"-3,290",37.1086,-93.2592
John Twitty Energy Center,MO,"1,751",702.00,"-1,049",37.1519,-93.3892
Labadie,MO,"17,696",6883.00,"-10,813",38.5583,-90.8361
Lake Road,MO,783,136.00,-647,39.7246,-94.8773
McCartney Generating Station,MO,,65.00,,37.2479,-93.1709
Meramec,MO,"6,624",469.00,"-6,155",38.4017,-90.3358
Mexico,MO,,6.00,,39.1481,-91.8306
Moberly,MO,,18.00,,39.4244,-92.4837
Montrose,MO,"6,657",,,38.3108,-93.9331
Moreau,MO,,17.00,,38.5553,-92.102
New Madrid Power Plant,MO,"45,987",14078.00,"-31,909",36.5147,-89.5617
Nodaway Power Plant,MO,,4.00,,40.2877,-94.7913
Northeast Generating Station,MO,,97.00,,39.1231,-94.5605
Peno Creek Energy Center,MO,,32.00,,39.3531,-91.2295
Ralph Green Station,MO,,18.00,,38.7865,-94.2768
Rush Island,MO,"12,309",2188.00,"-10,121",38.1306,-90.2625
Sibley,MO,"16,540",,,39.1778,-94.1861
Sikeston,MO,"4,263",812.00,"-3,451",36.8791,-89.6209
Sioux,MO,"19,365",4694.00,"-14,671",38.9158,-90.2917
South Harper Peaking Facility,MO,,114.00,,38.6803,-94.4824
St. Francis Power Plant,MO,,44.00,,36.5852,-90.1779
State Line (MO),MO,,167.00,,37.0659,-94.614
Thomas Hill Energy Center,MO,"21,384",8985.00,"-12,399",39.5531,-92.6392
Ackerman Combined Cycle Plant,MS,,143.00,,33.3806,-89.2039
Attala Generating Plant,MS,,69.00,,33.0142,-89.6758
Batesville Generation Facility,MS,,399.00,,34.3345,-89.9272
Baxter Wilson,MS,"16,338",1811.00,"-14,527",32.2831,-90.9306
Caledonia,MS,,156.00,,33.6464,-88.2717
Chevron Cogenerating Station,MS,238,97.00,-141,30.34,-88.492
Choctaw County Gen,MS,,151.00,,33.2881,-89.4201
Crossroads Energy Center (CPU),MS,,23.00,,34.183,-90.5621
Daniel Electric Generating Plant,MS,"7,521",3334.00,"-4,187",30.5335,-88.5574
David M Ratcliffe,MS,,162.00,,32.6538,-88.7574
Delta,MS,"1,271",,,33.7947,-90.7139
Gerald Andrus,MS,"8,305",730.00,"-7,575",33.3503,-91.1181
Hinds Energy Facility,MS,,118.00,,32.3781,-90.2169
Kemper County,MS,,48.00,,32.7976,-88.6057
Magnolia Combined Cycle Plant,MS,,174.00,,34.8358,-89.2017
Moselle Generation Complex,MS,"1,297",72.00,"-1,225",31.5289,-89.2992
R D Morrow Senior Generating Plant,MS,"4,364",,,31.2194,-89.3933
Red Hills Generation Facility,MS,,1742.00,,33.3761,-89.2183
Rex Brown,MS,"1,345",164.00,"-1,181",32.3564,-90.2125
Silver Creek Generating Plant,MS,,8.00,,31.6004,-89.9468
Southaven Combined Cycle Plant,MS,,142.00,,34.9939,-90.039
Sweatt Electric Generating Plant,MS,0,,,32.2925,-88.7461
Sylvarena Generating Plant,MS,,88.00,,31.9842,-89.4131
Watson Electric Generating Plant,MS,"6,564",4098.00,"-2,466",30.4408,-89.0265
Colstrip,MT,"25,902",13615.00,"-12,287",45.8831,-106.614
Culbertson Station,MT,,56.00,,48.2104,-104.3919
Dave Gates Generating Station,MT,,20.00,,46.1066,-112.8755
Glendive Generating Station,MT,,2.00,,47.0539,-104.74
Hardin Generating Station,MT,,78.00,,45.7578,-107.6
J E Corette,MT,"3,402",,,45.7747,-108.4803
Lewis & Clark,MT,"1,186",678.00,-508,47.6788,-104.1569
Asheville,NC,"14,323",776.00,"-13,547",35.4714,-82.5431
Belews Creek,NC,"80,774",5668.00,"-75,106",36.2811,-80.0603
Blewett,NC,,4.00,,34.9815,-79.8771
Buck,NC,"1,305",130.00,"-1,175",35.7133,-80.3767
Butler-Warner Generation Plant,NC,,30.00,,35.0986,-78.8294
CPI USA North Carolina Roxboro,NC,,458.00,,36.435,-78.9619
CPI USA North Carolina Southport,NC,,893.00,,33.9444,-78.0125
Cape Fear,NC,"5,171",,,35.595,-79.0492
Cleveland County Generating Facility,NC,,152.00,,35.1706,-81.4161
Cliffside,NC,"8,035",2486.00,"-5,549",35.22,-81.7594
Craven County Wood Energy,NC,,507.00,,35.1285,-77.17
Dan River,NC,"1,280",267.00,"-1,013",36.4862,-79.7208
"Edgecombe Genco, LLC",NC,,128.00,,36.0378,-77.7542
G G Allen,NC,"10,976",1346.00,"-9,630",35.1897,-81.0122
H F Lee Steam Electric Plant,NC,"4,435",951.00,"-3,484",35.3775,-78.0875
Kings Mountain Energy Center,NC,,59.00,,35.1986,-81.3604
L V Sutton,NC,"10,234",603.00,"-9,631",34.2824,-77.9864
Lincoln Combustion Turbine,NC,0,18.00,18,35.4317,-81.0347
Marshall,NC,"44,925",8751.00,"-36,174",35.5975,-80.9658
Mayo,NC,"14,085",1280.00,"-12,805",36.5278,-78.8917
NC Renewable Power - Lumberton LLC,NC,,209.00,,34.59,-78.9968
NCEMC Anson Plant,NC,,44.00,,34.9708,-79.9208
NCEMC Hamlet Plant,NC,,45.00,,34.8422,-79.7367
Plant Rowan County,NC,,241.00,,35.7325,-80.6019
Richmond County Plant,NC,,505.00,,34.8422,-79.7444
Riverbend,NC,"2,475",,,35.36,-80.9742
Rockingham County Combustion Turbine,NC,,244.00,,36.3297,-79.8297
Rosemary Power Station,NC,,4.00,,36.4525,-77.6594
Roxboro,NC,"59,233",4886.00,"-54,347",36.4833,-79.0731
W H Weatherspoon,NC,"1,218",15.00,"-1,203",34.5889,-78.975
Antelope Valley,ND,"12,035",3563.00,"-8,472",47.3714,-101.8344
Coal Creek,ND,"36,219",6515.00,"-29,704",47.3761,-101.1567
Coyote,ND,"14,452",5359.00,"-9,093",47.2217,-101.8139
Leland Olds,ND,"16,615",4979.00,"-11,636",47.2819,-101.3194
Lonesome Creek Station,ND,,57.00,,47.7966,-103.5783
Milton R Young,ND,"29,365",8598.00,"-20,767",47.0664,-101.2139
Pioneer Generating Station,ND,,24.00,,48.2325,-103.9528
R M Heskett,ND,541,958.00,417,46.8669,-100.8839
Spiritwood Station,ND,,230.00,,46.925,-98.5
Stanton,ND,"4,832",,,47.2872,-101.3314
Beatrice,NE,,34.00,,40.3286,-96.8067
C W Burdick,NE,43,2.00,-41,40.9228,-98.3269
Canaday,NE,,2.00,,40.6941,-99.7005
Cass County Station,NE,,72.00,,40.9472,-95.9667
Gerald Gentleman Station,NE,"19,088",7477.00,"-11,611",41.0808,-101.1408
Gerald Whelan Energy Center,NE,"1,076",796.00,-280,40.5806,-98.3106
Hallam Peaking,NE,,26.00,,40.5587,-96.7862
Hebron Peaking,NE,,8.00,,40.1879,-97.5779
J Street,NE,,14.00,,40.8078,-96.7107
Jones Street,NE,,77.00,,41.2517,-95.9235
Lon D Wright Power Plant,NE,258,445.00,187,41.4275,-96.4619
McCook Peaking,NE,,6.00,,40.2209,-100.6511
Nebraska City Station,NE,"10,618",4149.00,"-6,469",40.6215,-95.7765
North Omaha Station,NE,"9,099",3343.00,"-5,756",41.3297,-95.9458
Platte,NE,"1,062",564.00,-498,40.8538,-98.3481
Rokeby,NE,,40.00,,40.7316,-96.7364
Sarpy County Station,NE,,74.00,,41.1706,-95.9692
Sheldon,NE,"6,900",2024.00,"-4,876",40.5589,-96.7842
Terry Bundy Generating Station,NE,,52.00,,40.9108,-96.6147
Burgess BioPower,NH,,257.00,,44.4719,-71.1753
Granite Ridge Energy,NH,,94.00,,42.9043,-71.4251
Merrimack,NH,"21,363",425.00,"-20,938",43.1411,-71.4692
Newington,NH,"2,183",7.00,"-2,176",43.0974,-70.7834
Newington Energy,NH,,24.00,,43.1047,-70.8044
Schiller,NH,"1,661",203.00,"-1,458",43.0978,-70.7842
B L England,NJ,"9,608",,,39.29,-74.6339
Bayonne Energy Center,NJ,,36.00,,40.6529,-74.0916
"Bayonne Plant Holding, LLC",NJ,,,,40.6553,-74.1124
Bergen Generating Station,NJ,136,227.00,91,40.8375,-74.0244
Burlington Generating Station,NJ,55,7.00,-48,40.0753,-74.8781
"Camden Plant Holding, LLC",NJ,,13.00,,39.9175,-75.1192
Carlls Corner Energy Center,NJ,,57.00,,39.4547,-75.2011
Carneys Point,NJ,,529.00,,39.6928,-75.4867
Clayville,NJ,,7.00,,39.4245,-75.0201
Cumberland Energy Center,NJ,,12.00,,39.3757,-74.9654
Deepwater,NJ,"1,708",,,39.6747,-75.5015
"EFS Parlin Holdings, LLC",NJ,,3.00,,40.4586,-74.3327
Eagle Point Power Generation,NJ,,71.00,,39.8746,-75.1592
Elmwood Park Power - LLC,NJ,,0.00,,40.9056,-74.1308
Essex,NJ,,1.00,,40.7375,-74.1211
Forked River Power,NJ,,9.00,,39.8154,-74.2098
Gilbert Generating Station,NJ,399,9.00,-390,40.5661,-75.165
Howard M Down,NJ,,7.00,,39.4889,-75.0347
Hudson Generating Station,NJ,"6,344",,,40.7478,-74.0719
Kearny Generating Station,NJ,35,24.00,-11,40.7375,-74.1
Lakewood,NJ,,29.00,,40.0613,-74.1686
Linden Cogeneration Facility,NJ,,494.00,,40.6322,-74.2156
Linden Generating Station,NJ,295,160.00,-135,40.6225,-74.2097
Logan Generating Plant,NJ,,400.00,,39.7914,-75.4081
Mercer Generating Station,NJ,"10,661",,,40.1797,-74.7325
Mickleton Energy Center,NJ,,2.00,,39.8139,-75.2508
Newark Bay Cogen,NJ,,4.00,,40.7197,-74.13
Newark Energy Center,NJ,,100.00,,40.7082,-74.1284
North Jersey Energy Associates,NJ,,151.00,,40.439,-74.3444
Ocean Peaking Power,NJ,,12.00,,40.0606,-74.1672
Pedricktown Cogeneration Plant,NJ,,1.00,,39.7661,-75.4242
"Red Oak Power, LLC",NJ,,188.00,,40.4481,-74.3497
Salem Generating Station,NJ,,1.00,,39.4625,-75.5333
Sayreville,NJ,934,2.00,-932,40.4753,-74.3552
Sewaren Generating Station,NJ,292,73.00,-219,40.5564,-74.2461
Sherman Avenue,NJ,,11.00,,39.451,-75.0578
Werner,NJ,56,,,40.4906,-74.2814
West Deptford Energy Station,NJ,,104.00,,39.8418,-75.2214
West Station,NJ,,1.00,,39.4903,-75.0486
Woodbridge Energy Center,NJ,,89.00,,40.515,-74.3192
Afton Generating Station,NM,,86.00,,32.1134,-106.848
Bluffview Power Plant,NM,,68.00,,36.7164,-108.2153
Cunningham,NM,0,998.00,998,32.7131,-103.3533
Escalante,NM,"3,010",2250.00,-760,35.4159,-108.082
Four Corners Steam Elec Station,NM,"48,001",2881.00,"-45,120",36.69,-108.4814
Hobbs Generating Station,NM,,89.00,,32.7282,-103.3095
La Luz Energy Center,NM,,1.00,,34.6178,-106.817
Lordsburg Generating Station,NM,,11.00,,32.3494,-108.6975
Luna Energy Facility,NM,,106.00,,32.2983,-107.78
Maddox,NM,0,518.00,518,32.7131,-103.31
Pyramid Generating Station,NM,,162.00,,32.2363,-108.5494
Reeves Generating Station,NM,23,289.00,266,35.1716,-106.6019
Rio Bravo Generating Station,NM,,53.00,,35.026,-106.644
Rio Grande,NM,436,762.00,326,31.8047,-106.5472
San Juan,NM,"25,007",6478.00,"-18,529",36.8006,-108.4386
Valencia Power Plant,NM,,18.00,,34.6063,-106.732
Apex Generating Station,NV,,108.00,,36.4178,-114.9622
Chuck Lenzie Generating Station,NV,,252.00,,36.3853,-114.9228
Clark,NV,,30.00,,36.0875,-115.0507
Desert Star Energy Center,NV,,73.00,,35.7867,-114.9928
Fort Churchill,NV,"2,179",514.00,"-1,665",39.1281,-119.1319
Harry Allen,NV,0,82.00,82,36.425,-114.9
Las Vegas Generating Station,NV,,11.00,,36.2317,-115.1235
Mohave,NV,"22,683",,,35.1458,-114.5917
North Valmy,NV,"2,783",2987.00,204,40.8831,-117.1542
Reid Gardner,NV,"10,043",,,36.6531,-114.6364
Silverhawk,NV,,67.00,,36.4078,-114.9603
Sun Peak Generating Station,NV,,49.00,,36.1392,-115.034
Sunrise,NV,0,,,36.1384,-115.036
TS Power Plant,NV,,281.00,,40.7458,-116.5297
Tracy,NV,"1,561",646.00,-915,39.5625,-119.525
Walter M. Higgins III Generating Station,NV,,84.00,,35.6139,-115.3561
23rd and 3rd,NY,,4.00,,40.663,-74
74th Street,NY,760,189.00,-571,40.768,-73.9515
AG - Energy,NY,,,,44.7258,-75.4417
Allegany Station No. 133,NY,,2.00,,42.5083,-78.0661
Arthur Kill,NY,928,306.00,-622,40.5915,-74.2027
Astoria Energy,NY,,168.00,,40.7825,-73.8964
Astoria Gas Turbine Power,NY,,63.00,,40.7864,-73.9133
Astoria Generating Station,NY,"6,060",200.00,"-5,860",40.7869,-73.9122
Athens Generating Company,NY,,87.00,,42.2728,-73.8492
Batavia Energy,NY,,6.00,,42.9828,-78.1592
Bayswater Peaking Facility,NY,,8.00,,40.6106,-73.7614
"Beaver Falls, LLC",NY,,0.00,,43.8861,-75.4342
Bethlehem Energy Center (Albany),NY,704,108.00,-596,42.5905,-73.7636
Bethpage Energy Center,NY,,100.00,,40.7469,-73.4994
"Black River Generation, LLC",NY,,327.00,,44.0361,-75.7712
Bowline Generating Station,NY,"3,445",178.00,"-3,267",41.2044,-73.9689
Brentwood,NY,,3.00,,40.787,-73.2933
Brooklyn Navy Yard Cogeneration,NY,,63.00,,40.6994,-73.9758
Caithness Long Island Energy Center,NY,,51.00,,40.8142,-72.9403
Carr Street Generating Station,NY,,7.00,,43.0611,-76.0819
Carthage Energy,NY,,2.00,,43.9842,-75.6225
"Castleton Power, LLC",NY,,45.00,,42.5375,-73.7433
"Cayuga Operating Company, LLC",NY,"4,442",137.00,"-4,305",42.6028,-76.6336
Charles Poletti,NY,0,,,40.7903,-73.9111
Danskammer Generating Station,NY,"4,219",5.00,"-4,214",41.573,-73.9646
E F Barrett,NY,"1,172",760.00,-412,40.6169,-73.6486
East River,NY,"46,666",740.00,"-45,926",40.7281,-73.9742
Edgewood Energy,NY,,4.00,,40.7861,-73.2931
"Empire Generating Co, LLC",NY,,79.00,,42.6296,-73.749
Equus  Power I,NY,,2.00,,40.6447,-73.5683
Far Rockaway,NY,230,,,40.6111,-73.7611
Fortistar North Tonawanda Inc,NY,,7.00,,43.0483,-78.8539
Freeport Power Plant No. 2,NY,,1.00,,40.6447,-73.5683
GMMM Hickling,NY,975,,,42.1231,-76.9831
GMMM Jennison,NY,497,,,42.2768,-75.4792
GMMM Westover,NY,"1,550",,,42.1117,-75.9747
Glenwood,NY,403,4.00,-399,40.8269,-73.6479
Glenwood Landing Energy Center,NY,,6.00,,40.8275,-73.6478
Greenidge Generation LLC,NY,"2,648",8.00,"-2,640",42.6789,-76.9483
Harlem River Yard,NY,,2.00,,40.7989,-73.9147
"Hawkeye Energy Greenport, LLC",NY,,4.00,,41.1056,-72.3767
Hell Gate,NY,,2.00,,40.7988,-73.9093
Hillburn,NY,,1.00,,41.1269,-74.1653
Holtsville Facility,NY,,78.00,,40.8153,-73.0664
Huntley Power,NY,"6,929",,,42.97,-78.93
Indeck-Corinth Energy Center,NY,,62.00,,43.25,-73.8125
Indeck-Olean Energy Center,NY,,19.00,,42.0875,-78.4578
Indeck-Oswego Energy Center,NY,,14.00,,43.4682,-76.4965
Indeck-Silver Springs Energy Center,NY,,21.00,,42.6544,-78.0772
Indeck-Yerkes Energy Center,NY,,20.00,,42.9671,-78.9182
Independence,NY,,326.00,,43.495,-76.4508
KIAC Cogeneration,NY,,59.00,,40.6417,-73.7778
Lockport,NY,,117.00,,43.1622,-78.7453
Lovett Generating Station,NY,"3,912",,,41.2578,-73.9797
Massena Energy Facility,NY,,1.00,,44.9503,-74.8928
NRG Dunkirk Power,NY,"6,054",,,42.49,-79.35
Nassau Energy Corporation,NY,,242.00,,40.7259,-73.5885
Nissequogue Energy Center,NY,,130.00,,40.9168,-73.1292
North 1st,NY,,2.00,,40.7168,-73.9665
Northport,NY,"3,706",666.00,"-3,040",40.9231,-73.3417
Oswego Harbor Power,NY,365,44.00,-321,43.46,-76.53
Pinelawn Power,NY,,3.00,,40.7358,-73.3881
Poletti 500 MW CC,NY,,84.00,,40.7881,-73.9056
Port Jefferson Energy Center,NY,"1,053",100.00,-953,40.9503,-73.0786
Pouch Terminal,NY,,3.00,,40.6188,-74.069
Ravenswood Generating Station,NY,"2,960",347.00,"-2,613",40.7585,-73.9451
Rensselaer Cogen,NY,,1.00,,42.63,-73.75
Richard M Flynn (Holtsville),NY,405,63.00,-342,40.8153,-73.0644
Rochester 3 - Beebee Station,NY,"1,188",,,43.1617,-77.6186
Rochester 7 - Russell Station,NY,"3,061",,,43.2689,-77.6294
Roseton Generating LLC,NY,"2,076",76.00,"-2,000",41.5711,-73.9739
S A Carlson,NY,882,96.00,-786,42.0917,-79.2417
"Saranac Power Partners, LP",NY,,11.00,,44.7132,-73.4557
Selkirk Cogen Partners,NY,,21.00,,42.5744,-73.8592
Shoemaker,NY,,6.00,,41.4278,-74.4186
Shoreham Energy,NY,,2.00,,40.9572,-72.8664
Somerset Operating Company  (Kintigh),NY,"11,781",397.00,"-11,384",43.3561,-78.6039
Sterling Power Plant,NY,,4.00,,43.0803,-75.6003
"Syracuse, LLC",NY,,4.00,,43.0667,-76.2246
Valley Energy Center,NY,,92.00,,41.413,-74.435
Vernon Boulevard,NY,,3.00,,40.7539,-73.9506
Wading River Facility,NY,,23.00,,40.9569,-72.8774
Waterside,NY,"1,067",,,40.7472,-73.9705
West Babylon Facility,NY,,18.00,,40.6953,-73.3497
AMP-Ohio Gas Turbines Bowling Green,OH,,2.00,,41.3989,-83.6411
AMP-Ohio Gas Turbines Galion,OH,,2.00,,40.7167,-82.789
AMP-Ohio Gas Turbines Napoleon,OH,,2.00,,41.4077,-84.1092
Acme,OH,,,,41.655,-83.5158
Ashtabula,OH,"5,710",,,41.9086,-80.7697
Avon Lake Power Plant,OH,"18,819",609.00,"-18,210",41.5042,-82.05
Bay Shore,OH,"16,047",319.00,"-15,728",41.6925,-83.4375
Cardinal,OH,"52,475",3878.00,"-48,597",40.2522,-80.6486
Carroll County Energy,OH,,107.00,,40.6048,-81.0592
"Clean Energy Future - Lordstown, LLC",OH,,120.00,,41.1489,-80.8516
Conesville,OH,"24,061",1015.00,"-23,046",40.1842,-81.8811
Darby Electric Generating Station,OH,,270.00,,39.7139,-83.1778
Dresden Energy Facility,OH,,157.00,,40.0935,-82.0267
"Dynegy Dicks Creek, LLC",OH,,56.00,,39.465,-84.3775
"Dynegy Hanging Rock II, LLC",OH,,298.00,,38.5731,-82.7833
"Dynegy Washington II, LLC",OH,,182.00,,39.5798,-81.6571
Eastlake,OH,"14,551",8.00,"-14,543",41.6713,-81.4432
Edgewater (2857),OH,155,,,41.47,-82.1853
Frank M Tait Station,OH,8,123.00,115,39.7281,-84.2103
Fremont Energy Center,OH,,130.00,,41.3781,-83.1647
Gen J M Gavin,OH,"91,174",7342.00,"-83,832",38.9347,-82.1158
Gorge,OH,,,,41.1197,-81.4906
Greenville Electric Gen Station,OH,,107.00,,40.0747,-84.6147
Hamilton Municipal Power Plant,OH,87,,,39.4099,-84.5544
J M Stuart,OH,"71,678",,,38.6361,-83.6939
Killen Station,OH,"12,361",,,38.6903,-83.4803
Kyger Creek,OH,"55,790",5375.00,"-50,415",38.9161,-82.1281
Lake Shore,OH,,,,41.5356,-81.6419
Madison Generating Station,OH,,83.00,,39.4522,-84.465
Miami Fort Power Station,OH,"29,609",11359.00,"-18,250",39.1131,-84.8031
Middletown Energy Center,OH,,68.00,,39.4679,-84.3531
Muskingum River,OH,"23,290",,,39.5908,-81.6797
Niles,OH,"5,660",4.00,"-5,656",41.1667,-80.75
O H Hutchings,OH,"1,246",0.00,"-1,246",39.6094,-84.2931
Omega JV2 Bowling Green,OH,,1.00,,41.3883,-83.6406
Omega JV2 Hamilton,OH,,2.00,,39.3528,-84.5183
Oregon Clean Energy Center,OH,,99.00,,41.6679,-83.4437
Picway,OH,482,,,39.7933,-83.0097
R E Burger,OH,"6,518",,,39.9094,-80.7608
Richard Gorsuch,OH,"6,590",,,39.3672,-81.5208
Richland Peaking Station,OH,,126.00,,41.3033,-84.3386
Robert P Mone,OH,,67.00,,40.9297,-84.7392
Rolling Hills Generating LLC,OH,,147.00,,39.0839,-82.3328
Tait Electric Generating Station,OH,,279.00,,39.7286,-84.2106
Toronto,OH,,,,40.4856,-80.605
"Troy Energy, LLC",OH,,76.00,,41.4774,-83.4616
W H Sammis,OH,"56,004",2402.00,"-53,602",40.5308,-80.6311
W H Zimmer Generating Station,OH,"20,587",5323.00,"-15,264",38.8689,-84.2286
Walter C Beckjord Generating Station,OH,"16,249",,,38.9917,-84.2981
Waterford Plant,OH,,197.00,,39.5314,-81.7172
West Lorain,OH,,13.00,,41.4297,-82.2633
Woodsdale,OH,171,135.00,-36,39.4492,-84.4611
Anadarko,OK,0,130.00,130,35.0847,-98.23
Charles D Lamb Energy Center,OK,,25.00,,36.8138,-97.1252
Chouteau Power Plant,OK,,359.00,,36.2206,-95.2756
Comanche (8059),OK,"5,082",46.00,"-5,036",34.5431,-98.3244
Conoco,OK,0,,,36.6892,-97.0903
Frontier Generating Station,OK,,59.00,,35.442,-97.6477
Grand River Dam Authority,OK,"14,995",336.00,"-14,659",36.1906,-95.2889
"Green Country Energy, LLC",OK,,432.00,,35.9833,-95.9346
Horseshoe Lake,OK,0,1153.00,"1,153",35.5089,-97.1789
Hugo,OK,"4,289",572.00,"-3,717",34.0158,-95.3206
McClain Energy Facility,OK,,294.00,,35.2979,-97.5896
Mooreland,OK,206,74.00,-132,36.4375,-99.2208
Muskogee,OK,"17,184",1753.00,"-15,431",35.7617,-95.2847
Mustang,OK,0,449.00,449,35.4711,-97.6733
Northeastern,OK,"10,734",2289.00,"-8,445",36.4317,-95.7008
Oneta Energy Center,OK,,657.00,,36.0119,-95.6967
Ponca,OK,0,23.00,23,36.7205,-97.0868
Redbud Power Plant,OK,,282.00,,35.6853,-97.2242
River Valley,OK,,440.00,,35.1931,-94.6458
Riverside (4940),OK,"4,764",877.00,"-3,887",35.9978,-95.9567
Seminole (2956),OK,0,1231.00,"1,231",34.9678,-96.7242
Sooner,OK,"15,300",2583.00,"-12,717",36.4537,-97.0527
Southwestern,OK,"3,799",1093.00,"-2,706",35.1009,-98.3524
Spring Creek Power Plant,OK,,23.00,,35.7422,-97.655
Tenaska Kiamichi Generating Station,OK,,616.00,,34.6831,-95.9349
Tulsa,OK,295,653.00,358,36.1125,-95.9917
Boardman,OR,"3,841",2415.00,"-1,426",45.6933,-119.8056
Carty Generating Station,OR,,72.00,,45.699,-119.8131
Coyote Springs,OR,,182.00,,45.8486,-119.6744
Hermiston,OR,,154.00,,45.8042,-119.37
Hermiston Power Plant,OR,,241.00,,45.7934,-119.313
Klamath Cogeneration Project,OR,,196.00,,42.174,-121.8112
Klamath Generation Peakers,OR,,9.00,,42.1727,-121.8144
Port Westward,OR,,85.00,,46.1792,-123.1717
Armstrong Power Station,PA,"4,865",,,40.9289,-79.4658
"Armstrong Power, LLC",PA,,134.00,,40.6383,-79.3503
Bethlehem Power Plant,PA,,104.00,,40.6175,-75.3147
Birdsboro Power,PA,,43.00,,40.2683,-75.8
Bruce Mansfield,PA,"20,798",370.00,"-20,428",40.6344,-80.42
"Brunner Island, LLC",PA,"16,680",3135.00,"-13,545",40.097,-76.6962
Brunot Island Power Station,PA,,14.00,,40.4638,-80.044
"CPV Fairview, LLC",PA,,7.00,,40.4125,-78.8561
Cambria Cogen,PA,,121.00,,40.4748,-78.7021
Chambersburg Units 12 & 13,PA,,90.00,,39.8668,-77.6859
Cheswick,PA,"6,780",850.00,"-5,930",40.5383,-79.7906
Colver Power Project,PA,,766.00,,40.55,-78.8
Conemaugh,PA,"25,091",7667.00,"-17,424",40.3842,-79.0611
Cromby,PA,"2,810",,,40.1514,-75.5306
Croydon Generating Station,PA,,11.00,,40.08,-74.8917
Delaware,PA,439,,,39.9678,-75.1244
"Dynegy Fayette II, LLC",PA,,126.00,,39.8592,-79.9182
Ebensburg Power Company,PA,,186.00,,40.455,-78.7472
Eddystone Generating Station,PA,"4,103",6.00,"-4,097",39.858,-75.323
Elrama,PA,"9,093",,,40.2525,-79.9183
Fairless Energy Center,PA,,170.00,,40.1464,-74.7406
Fairless Hills Generating Station,PA,,78.00,,40.1405,-74.7506
Gans Generating Facility,PA,,61.00,,39.7475,-79.8388
Gilberton Power Company,PA,,377.00,,40.79,-76.1984
Grays Ferry Cogen Partnership,PA,,223.00,,39.9417,-75.1883
Handsome Lake Energy,PA,,280.00,,41.2908,-79.8061
Hatfield's Ferry Power Station,PA,"26,050",,,39.8562,-79.9274
Hazleton Generation,PA,,10.00,,40.9282,-76.0416
Helix Ironwood LLC,PA,,241.00,,40.3509,-76.3658
Holtwood,PA,"4,465",,,39.8277,-76.3259
Homer City,PA,"46,266",4374.00,"-41,892",40.511,-79.1968
Hunlock Creek Energy Center,PA,860,14.00,-846,41.2033,-76.0683
Hunlock Unit 4,PA,,8.00,,41.2033,-76.0683
Hunterstown Combined Cycle,PA,,116.00,,39.8725,-77.1672
Keystone,PA,"23,325",7140.00,"-16,185",40.6604,-79.3411
Lackawanna Energy Center,PA,,185.00,,41.4711,-75.5436
Liberty Electric Power Plant,PA,,156.00,,39.8622,-75.3361
"Lower Mount Bethel Energy, LLC",PA,,81.00,,40.8011,-75.105
"Marcus Hook Energy, LP",PA,,212.00,,39.8083,-75.4225
"Martins Creek, LLC",PA,"5,960",225.00,"-5,735",40.796,-75.107
Mitchell Power Station,PA,"2,979",,,40.2207,-79.9682
"Montour, LLC",PA,"22,370",603.00,"-21,767",41.0714,-76.6672
Mountain,PA,,12.00,,40.1219,-77.1761
Moxie Freedom Generation Plant,PA,,139.00,,41.1117,-76.16
Mt. Carmel Cogeneration,PA,,51.00,,40.8092,-76.4539
New Castle,PA,"5,340",135.00,"-5,205",40.9378,-80.3681
North East Cogeneration Plant,PA,,,,42.202,-79.8425
Northampton Generating Plant,PA,,78.00,,40.6917,-75.4792
Ontelaunee Energy Center,PA,,90.00,,40.4219,-75.9353
PEI Power Corporation,PA,,22.00,,41.4844,-75.5403
Panda Hummel Station,PA,,128.00,,40.839,-76.8255
Panda Liberty Power Project,PA,,106.00,,41.7674,-76.3899
Panda Patriot Generation Plant,PA,,89.00,,41.8083,-76.8392
Panther Creek Energy Facility,PA,,80.00,,40.8556,-75.8781
Portland,PA,"2,543",2.00,"-2,541",40.91,-75.0789
Richmond,PA,,3.00,,39.9853,-75.0733
Schuylkill,PA,259,,,39.9425,-75.1883
Scrubgrass Generating Plant,PA,,267.00,,41.2678,-79.8114
Seward,PA,"4,395",1079.00,"-3,316",40.4081,-79.0339
Shawville,PA,"9,278",115.00,"-9,163",41.067,-78.3656
Springdale Generating Station (55196),PA,,45.00,,40.5447,-79.7678
Springdale Generating Station (55710),PA,,117.00,,40.5456,-79.7669
St. Nicholas Cogeneration Project,PA,,299.00,,40.8222,-76.1736
Sunbury,PA,"11,111",,,40.8361,-76.825
Tenaska Westmoreland Generating Station,PA,,90.00,,40.1764,-79.6934
Titus,PA,"2,803",,,40.3061,-75.9081
Tolna,PA,,11.00,,39.7636,-76.6345
"WPS Westwood Generation, LLC",PA,,176.00,,40.6191,-76.45
Warren,PA,"1,234",9.00,"-1,225",41.8358,-79.19
Wheelabrator Frackville Energy,PA,,399.00,,40.7817,-76.1781
York Energy Center,PA,,100.00,,39.738,-76.3072
Manchester Street Station,RI,79,188.00,109,41.8167,-71.4042
Ocean State Power,RI,,72.00,,42.0099,-71.6701
Ocean State Power II,RI,,72.00,,42.0099,-71.6701
"Pawtucket Power Associates, LP",RI,,1.00,,41.861,-71.407
Rhode Island State Energy Center,RI,,75.00,,41.8017,-71.5186
"Tiverton Power, LLC",RI,,45.00,,41.6417,-71.17
Broad River Energy Center,SC,,83.00,,35.0786,-81.575
Canadys Steam,SC,"9,090",,,33.0647,-80.6228
Cherokee County Cogen,SC,,65.00,,35.0727,-81.613
Columbia Energy Center (SC),SC,,264.00,,33.8692,-81.0183
Cope Station,SC,,796.00,,33.3642,-81.03
Cross,SC,"11,758",3150.00,"-8,608",33.3692,-80.1119
Darlington County,SC,,32.00,,34.4185,-80.1657
Dolphus M Grainger,SC,"1,483",,,33.8253,-79.0528
H B Robinson,SC,"2,733",,,34.4017,-80.1589
Hagood,SC,0,12.00,12,32.8265,-79.9634
Hilton Head Gas Turbine Site,SC,,5.00,,32.2089,-80.6994
Jasper County Generating Facility,SC,,151.00,,32.3592,-81.1236
Jefferies,SC,"7,802",,,33.2422,-79.9875
John S. Rainey Generating Station,SC,,496.00,,34.3477,-82.776
McMeekin,SC,"5,009",247.00,"-4,762",34.0533,-81.2178
Mill Creek Combustion Turbine Station,SC,,16.00,,35.1597,-81.4306
Myrtle Beach Gas Turbine Site,SC,,1.00,,33.7089,-78.9233
Urquhart,SC,"4,680",200.00,"-4,480",33.435,-81.9111
W S Lee,SC,"1,934",186.00,"-1,748",34.6022,-82.435
Wateree,SC,"22,823",1602.00,"-21,221",33.8264,-80.6218
Williams,SC,"12,690",2194.00,"-10,496",33.0163,-79.9285
Winyah,SC,"13,478",416.00,"-13,062",33.3303,-79.3611
Aberdeen Generating Station,SD,,112.00,,45.4287,-98.4932
Angus Anson,SD,0,28.00,28,43.6033,-96.6369
Big Stone,SD,"14,344",1085.00,"-13,259",45.3047,-96.5103
Deer Creek Station,SD,,63.00,,44.3961,-96.5333
Groton Generating Station,SD,,52.00,,45.3718,-98.1032
Huron,SD,21,4.00,-17,44.3696,-98.17
Lange,SD,,8.00,,44.1212,-103.2608
Pathfinder,SD,0,,,43.6035,-96.6375
Allen,TN,"38,673",227.00,"-38,446",35.0742,-90.1439
Brownsville Combustion Turbine Plant,TN,,203.00,,35.5438,-89.198
Bull Run,TN,"17,445",733.00,"-16,712",36.0211,-84.1567
Cumberland,TN,"175,058",3919.00,"-171,139",36.3903,-87.6539
Gallatin,TN,"12,040",1342.00,"-10,698",36.3156,-86.4006
Gleason Combustion Turbine Plant,TN,,178.00,,36.2454,-88.612
John Sevier,TN,"13,077",172.00,"-12,905",36.3767,-82.9639
Johnsonville,TN,"19,695",61.00,"-19,634",36.0278,-87.9861
Kingston,TN,"33,249",1259.00,"-31,990",35.8992,-84.5194
Lagoon Creek,TN,,185.00,,35.6578,-89.3964
"AES Western Power, LLC",TX,0,,,29.7239,-95.2258
Air Liquide Bayport Complex,TX,,283.00,,29.6225,-95.0458
Alex Ty Cooke Generating Station,TX,26,,,33.5211,-101.7906
Antelope Elk Energy Center,TX,,125.00,,33.8657,-101.8437
Bacliff Generating Station,TX,,121.00,,29.4922,-94.9844
Barney M. Davis,TX,"2,861",250.00,"-2,611",27.6067,-97.3119
Bastrop Clean Energy Center,TX,,233.00,,30.1458,-97.55
Baytown Energy Center,TX,,180.00,,29.7731,-94.9019
Big Brown,TX,"12,608",,,31.8206,-96.0561
Blackhawk Station,TX,,456.00,,35.6957,-101.36
Bosque County Power Plant,TX,,301.00,,31.8594,-97.3586
"Brazos Valley Energy, LP",TX,,116.00,,29.4731,-95.6244
Bryan (Atkins Power Plant),TX,187,,,30.6469,-96.3725
C E Newman,TX,59,,,32.9125,-96.6231
C. R. Wing Cogeneration Plant,TX,,550.00,,32.2722,-101.4222
Calpine Hidalgo Energy Center,TX,,354.00,,26.3389,-98.1708
Carbon Capture Plant,TX,,24.00,,29.4753,-95.6341
Cedar Bayou,TX,"1,654",741.00,-913,29.7483,-94.9272
Cedar Bayou 4,TX,,69.00,,29.752,-94.923
"Chamon Power, LLC",TX,,6.00,,29.8833,-95.1113
Channel Energy Center,TX,,153.00,,29.7189,-95.2319
Channelview Cogeneration Facility,TX,,315.00,,29.8356,-95.1242
Coleto Creek,TX,"7,525",2419.00,"-5,106",28.7128,-97.2142
Colorado Bend Energy Center,TX,,117.00,,29.2878,-96.0683
Colorado Bend II,TX,,97.00,,29.2878,-96.0656
Copper Station,TX,,86.00,,31.7569,-106.375
Corpus Christi Energy Center,TX,,355.00,,27.8139,-97.4283
Cottonwood Energy Project,TX,,285.00,,30.2588,-93.7353
Decker Creek,TX,"1,105",625.00,-480,30.3036,-97.6128
Decordova,TX,"6,855",117.00,"-6,738",32.4033,-97.6986
Deer Park Energy Center,TX,,281.00,,29.7153,-95.1361
E S Joslin,TX,"1,065",,,28.65,-96.5417
Eagle Mountain,TX,"1,343",,,32.9056,-97.4792
Eastman Cogeneration Facility,TX,,330.00,,32.4472,-94.6917
Ector County Energy Center,TX,,99.00,,32.0694,-102.5856
"Ennis Power Company, LLC",TX,,135.00,,32.3194,-96.6739
Exelon Laporte Generating Station,TX,,124.00,,29.702,-95.071
ExxonMobil Beaumont Refinery,TX,,163.00,,30.0639,-94.0703
Forney Power Plant,TX,,1249.00,,32.7563,-96.4916
Fort Phantom Power Station,TX,479,,,32.5825,-99.6825
Freestone Power Generation,TX,,822.00,,31.8907,-96.1128
Friendswood Energy Center,TX,,14.00,,29.6464,-95.4518
Frontera Generation Facility,TX,,234.00,,26.208,-98.3992
Gibbons Creek Steam Electric Station,TX,"8,191",,,30.6167,-96.0778
Graham,TX,"5,353",430.00,"-4,923",33.135,-98.6117
Greens Bayou,TX,0,251.00,251,29.8208,-95.2194
Gregory Power Facility,TX,,53.00,,27.8881,-97.2572
Guadalupe Generating Station,TX,,687.00,,29.6237,-98.1395
H W Pirkey Power Plant,TX,"12,601",2804.00,"-9,797",32.4607,-94.4852
Handley Generating Station,TX,"2,753",105.00,"-2,648",32.7278,-97.2186
Hardin County Peaking Facility,TX,,8.00,,30.3039,-94.2527
Harrington Station,TX,"17,478",2945.00,"-14,533",35.2972,-101.7475
Harrison County Power Project,TX,,146.00,,32.3958,-94.4361
Hays Energy Facility,TX,,213.00,,29.7806,-97.9894
Holly Street,TX,"4,439",,,30.2503,-97.7201
J K Spruce,TX,"5,778",2916.00,"-2,862",29.3091,-98.3205
J L Bates,TX,291,,,26.2222,-98.3944
J Robert Massengale Generating Station,TX,,24.00,,33.6039,-101.8408
J T Deely,TX,"9,507",0.00,"-9,507",29.3072,-98.3228
Jack County Generation Facility,TX,,211.00,,33.101,-97.9574
Johnson County Generation Facility,TX,,113.00,,32.3994,-97.4078
Jones Station,TX,0,1395.00,"1,395",33.5239,-101.7392
Knox Lee Power Plant,TX,886,75.00,-811,32.3766,-94.6415
La Palma,TX,"1,617",,,26.1421,-97.6411
Lake Creek,TX,166,,,31.4647,-96.985
Lake Hubbard,TX,"2,934",136.00,"-2,798",32.8364,-96.5464
Lamar Power Plant,TX,,794.00,,33.6314,-95.589
Laredo,TX,703,5.00,-698,27.5667,-99.5083
Leon Creek,TX,,15.00,,29.3511,-98.5753
Lewis Creek,TX,"2,579",273.00,"-2,306",30.4364,-95.5215
Limestone,TX,"27,481",7470.00,"-20,011",31.4219,-96.2525
Lon C Hill,TX,"2,957",,,27.85,-97.6167
Lone Star Power Plant,TX,0,26.00,26,32.9217,-94.7158
Lost Pines 1,TX,,167.00,,30.1478,-97.27
Magic Valley Generating Station,TX,,148.00,,26.3403,-98.19
Martin Lake,TX,"32,120",9489.00,"-22,631",32.2597,-94.5703
Midlothian Energy,TX,,315.00,,32.4302,-97.0537
Montana Power Station,TX,,56.00,,31.8239,-106.2119
Monticello,TX,"15,611",,,33.0917,-95.0417
Moore County Station,TX,0,,,35.9667,-101.865
Morgan Creek,TX,"6,628",79.00,"-6,549",32.3358,-100.9158
Mountain Creek Generating Station,TX,"2,482",143.00,"-2,339",32.7253,-96.9361
Mustang Station,TX,,301.00,,32.9728,-102.7417
Mustang Station (56326),TX,,271.00,,32.9748,-102.7432
Nacogdoches Generating Facility,TX,,45.00,,31.8326,-94.9006
New Gulf Power Facility,TX,,27.00,,29.2639,-95.8997
Newman,TX,"1,584",1875.00,291,31.9858,-106.4322
Nichols Station,TX,0,817.00,817,35.2825,-101.7458
North Lake,TX,"2,873",,,32.9503,-96.9756
North Texas Generation Facility,TX,0,,,32.7783,-97.6956
Nueces Bay,TX,"3,347",99.00,"-3,248",27.8182,-97.4189
O W Sommers,TX,"1,636",833.00,-803,29.3078,-98.3244
Oak Creek Power Station,TX,418,,,32.0469,-100.2922
Oak Grove,TX,,4535.00,,31.185,-96.4853
Odessa Ector Generating Station,TX,,791.00,,31.8378,-102.3278
Oklaunion Power Station,TX,"10,333",5215.00,"-5,118",34.0825,-99.1753
"Optim Energy Altura Cogen, LLC",TX,,341.00,,29.8169,-95.1086
P H Robinson,TX,0,,,29.4853,-94.9814
Paint Creek Power Station,TX,102,,,33.0794,-99.5817
Panda Sherman Power Station,TX,,106.00,,33.5756,-96.6158
Panda Temple Power Station,TX,,138.00,,31.0558,-97.3172
Paris Energy Center,TX,,258.00,,33.6968,-95.5577
Pasadena Power Plant,TX,,351.00,,29.7233,-95.1769
Permian Basin,TX,"8,842",1334.00,"-7,508",31.5839,-102.9636
Plant X,TX,0,933.00,933,34.1661,-102.4114
Port Comfort Peaking Facility,TX,,7.00,,28.648,-96.5457
Power Lane Steam Plant,TX,65,14.00,-51,33.1707,-96.1264
Quail Run Energy Center,TX,,154.00,,31.8414,-102.315
R W Miller,TX,576,422.00,-154,32.6581,-98.3103
Ray Olinger,TX,"1,593",28.00,"-1,565",33.0667,-96.4519
"Rio Nogales Power Project, LP",TX,,403.00,,29.5932,-97.9724
Rio Pecos Power Station,TX,"1,298",,,31.0847,-102.3656
Roland C. Dansby Power Plant,TX,355,74.00,-281,30.7217,-96.4599
SRW Cogen Limited Partnership,TX,,260.00,,30.0561,-93.7539
Sabine,TX,"9,362",2484.00,"-6,878",30.0242,-93.875
Sabine Cogeneration Facility,TX,,68.00,,30.0444,-93.7716
Sam Bertron,TX,0,,,29.7268,-95.06
Sam Rayburn Plant,TX,,20.00,,28.8947,-97.1347
Sam Seymour,TX,"15,686",6211.00,"-9,475",29.9172,-96.7506
San Angelo Power Station,TX,512,,,31.3933,-100.4933
San Jacinto County Peaking Facility,TX,,26.00,,30.42,-95.0114
San Jacinto Steam Electric Station,TX,132,163.00,31,29.6967,-95.0411
San Miguel,TX,"7,745",2267.00,"-5,478",28.7044,-98.4781
Sand Hill Energy Center,TX,,84.00,,30.2091,-97.6139
Sandow,TX,"10,252",,,30.5642,-97.0639
Sandy Creek Energy Station,TX,,1147.00,,31.4753,-96.9564
Silas Ray,TX,,14.00,,25.9131,-97.5214
Sim Gideon,TX,"2,186",716.00,"-1,470",30.1456,-97.2708
South Houston Green Power Site,TX,,248.00,,29.3775,-94.9328
Spencer,TX,685,12.00,-673,33.1978,-97.1067
Stryker Creek,TX,"2,242",139.00,"-2,103",31.9381,-94.9883
Sweeny Cogeneration Facility,TX,,640.00,,29.0728,-95.745
T C Ferguson Power Plant,TX,968,67.00,-901,30.558,-98.3705
T H Wharton,TX,29,377.00,348,29.9414,-95.5333
Tenaska Frontier Generating Station,TX,,587.00,,30.5924,-95.9178
Tenaska Gateway Generating Station,TX,,498.00,,32.0164,-94.6189
Texas City Cogeneration,TX,,475.00,,29.3787,-94.944
Tolk Station,TX,"15,113",2488.00,"-12,625",34.1847,-102.5686
Tradinghouse,TX,"13,658",,,31.5733,-96.9642
Trinidad,TX,,84.00,,32.1264,-96.1014
Twin Oaks,TX,"2,409",2050.00,-359,31.0932,-96.6965
V H Braunig,TX,"1,278",1108.00,-170,29.2575,-98.3828
Valley (TXU),TX,"3,452",,,33.6281,-96.3678
Victoria Port Peaking Facility,TX,,45.00,,28.6958,-96.9454
Victoria Power Station,TX,"1,125",85.00,"-1,040",28.7883,-97.01
W A Parish,TX,"41,008",4613.00,"-36,395",29.4783,-95.6358
W B Tuttle,TX,0,,,29.53,-98.4183
Webster,TX,0,,,29.5267,-95.1083
Welsh Power Plant,TX,"13,761",4951.00,"-8,810",33.0583,-94.844
Wilkes Power Plant,TX,"3,737",509.00,"-3,228",32.8486,-94.5469
Winchester Power Park,TX,,2.00,,30.0253,-96.9945
"Wise County Power Company, LLC",TX,,200.00,,33.0583,-97.9103
Wolf Hollow Generating Station,TX,,191.00,,32.3347,-97.7344
Wolf Hollow II,TX,,100.00,,29.2888,-96.066
Bonanza,UT,"5,231",5308.00,77,40.0864,-109.2844
Carbon,UT,"4,228",,,39.7272,-110.8644
Currant Creek Power Project,UT,,79.00,,39.8223,-111.894
Gadsby,UT,269,95.00,-174,40.7686,-111.9289
Hunter,UT,"23,046",10514.00,"-12,532",39.1747,-111.0289
Huntington,UT,"17,630",5206.00,"-12,424",39.3792,-111.0781
Intermountain,UT,"20,575",9050.00,"-11,525",39.5035,-112.5811
Lake Side Power Plant,UT,,137.00,,40.3311,-111.7547
Millcreek Power,UT,,14.00,,37.1124,-113.5155
Nebo Power Station,UT,,28.00,,40.0614,-111.7294
West Valley Power Plant,UT,,21.00,,40.6663,-112.031
Altavista Power Station,VA,,220.00,,37.1183,-79.2726
Bear Garden Generating Station,VA,,81.00,,37.6961,-78.2848
Birchwood Power Facility,VA,,37.00,,38.2667,-77.3147
Bremo Power Station,VA,"6,343",,,37.7089,-78.2878
Brunswick County Power Station,VA,,175.00,,36.7637,-77.7112
Buchanan Units 1 & 2,VA,,113.00,,37.1753,-81.9617
Chesapeake Energy Center,VA,"10,280",,,36.7711,-76.3019
Chesterfield Power Station,VA,"22,846",1523.00,"-21,322",37.3822,-77.3833
City Point Energy Center,VA,,342.00,,37.2939,-77.2697
Clinch River,VA,"26,375",269.00,"-26,106",36.9333,-82.1997
Clover Power Station,VA,"4,742",1990.00,"-2,752",36.8692,-78.7046
Commonwealth Chesapeake,VA,,11.00,,37.9892,-75.54
Darbytown Combustion Turbine,VA,,61.00,,37.4978,-77.368
Doswell Limited Partnership,VA,,807.00,,37.8181,-77.4478
Elizabeth River Combustion Turbine Sta,VA,,78.00,,36.7743,-76.3119
Glen Lyn,VA,"4,755",,,37.3704,-80.8639
Gordonsville Power Station,VA,,135.00,,38.1245,-78.2031
Gravel Neck Combustion Turbine,VA,,78.00,,37.1575,-76.6911
Greensville County Power Station,VA,,170.00,,36.7184,-77.6523
Hopewell Cogeneration Facility,VA,,749.00,,37.2914,-77.2821
Hopewell Power Station,VA,,255.00,,37.2969,-77.2833
Ladysmith Combustion Turbine Sta,VA,,103.00,,38.0725,-77.5141
Louisa Generation Facility,VA,,80.00,,38.1181,-78.2139
Marsh Run Generation Facility,VA,,137.00,,38.5283,-77.7681
Panda Stonewall Power Project,VA,,65.00,,39.0578,-77.5425
Possum Point Power Station,VA,"16,017",144.00,"-15,873",38.5367,-77.2806
Potomac River,VA,"18,353",,,38.8203,-77.0411
Remington Combustion Turbine Station,VA,,49.00,,38.5447,-77.7707
Southampton Power Station,VA,,246.00,,36.6525,-76.9953
"Spruance Genco, LLC",VA,,956.00,,37.4556,-77.4308
Tasley Energy Center,VA,,8.00,,37.7061,-75.7031
Tenaska Virginia Generating Station,VA,,146.00,,37.8667,-78.3813
Virginia City Hybrid Energy Center,VA,,516.00,,36.9161,-82.3381
Virginia Renewable Power-Portsmouth LLC,VA,,,,36.8703,-76.3519
Warren County Power Station,VA,,169.00,,38.9705,-78.1777
Wolf Hills Energy,VA,,157.00,,36.6644,-82.1044
Yorktown Power Station,VA,"6,148",85.00,"-6,063",37.2144,-76.4611
J C McNeil,VT,195,133.00,-62,44.4917,-73.2081
Centralia,WA,"14,618",5425.00,"-9,193",46.7559,-122.8578
Chehalis Generation Facility,WA,,88.00,,46.6226,-122.9145
Encogen Generating Station,WA,,45.00,,48.746,-122.486
Ferndale Generating Station,WA,,106.00,,48.8283,-122.6853
Frederickson Power LP,WA,,50.00,,47.0864,-122.3644
Fredonia Generating Station,WA,,2.00,,48.4553,-122.435
Goldendale Generating Station,WA,,51.00,,45.8114,-120.833
Grays Harbor Energy Center,WA,,96.00,,46.9688,-123.48
Mint Farm Generating Station,WA,,61.00,,46.1403,-122.9842
River Road,WA,,89.00,,45.65,-122.7231
Sumas Generating Station,WA,,37.00,,48.9905,-122.2733
Alma,WI,"1,398",,,44.3085,-91.9106
"Appleton Coated, LLC",WI,,16.00,,44.2717,-88.3011
Bay Front,WI,626,355.00,-271,46.5869,-90.9017
Blount Street,WI,"1,330",101.00,"-1,229",43.0792,-89.3739
Columbia,WI,"18,211",2659.00,"-15,552",43.4864,-89.4203
Concord,WI,68,54.00,-14,43.1669,-88.69
Depere Energy Center,WI,,66.00,,44.4489,-88.0731
Edgewater (4050),WI,"14,991",298.00,"-14,693",43.715,-87.7094
Elk Mound Generating Station,WI,,1.00,,44.9019,-91.5678
Elm Road Generating Station,WI,,2497.00,,42.8445,-87.829
Fitchburg Generating Station,WI,,0.00,,43.0149,-89.4603
Fox Energy Center,WI,,111.00,,44.3204,-88.2089
French Island,WI,,9.00,,43.8298,-91.26
Genoa,WI,"3,274",721.00,"-2,553",43.5592,-91.2333
Germantown Power Plant,WI,,54.00,,43.1952,-88.1496
Island Street Peaking Plant,WI,,5.00,,44.2761,-88.2656
J P Madgett,WI,"2,724",700.00,"-2,024",44.3026,-91.9126
Manitowoc,WI,540,48.00,-492,44.082,-87.6558
Marshfield Utilities Combustion Turbine,WI,,0.00,,44.635,-90.135
Neenah Energy Facility,WI,,60.00,,44.1934,-88.5055
Nelson Dewey,WI,"5,637",,,42.7225,-91.0085
Paris,WI,42,50.00,8,42.6658,-88.0131
Pleasant Prairie,WI,"24,416",,,42.5381,-87.9033
Port Washington Generating Station,WI,"1,914",261.00,"-1,653",43.3842,-87.8689
Pulliam,WI,"4,659",9.00,"-4,650",44.5397,-88.0083
Riverside Energy Center,WI,,75.00,,42.5835,-89.0351
Rock River,WI,"2,921",30.00,"-2,891",42.5831,-89.0292
Rockgen Energy Center,WI,,107.00,,42.9767,-89.0492
Rothschild Biomass Cogeneration Facility,WI,,159.00,,44.8878,-89.6298
Sheboygan Falls Energy Facility,WI,,54.00,,43.7519,-87.8783
Sheepskin,WI,,8.00,,42.8347,-89.1108
South Fond Du Lac,WI,0,28.00,28,43.7353,-88.4968
South Oak Creek,WI,"9,600",1534.00,"-8,066",42.8457,-87.8294
Valley (WEPCO),WI,"3,952",218.00,"-3,734",43.0303,-87.9233
West Campus Cogeneration Facility,WI,,19.00,,43.0751,-89.4251
West Marinette,WI,0,64.00,64,45.0869,-87.6881
Weston,WI,"6,969",1128.00,"-5,841",44.8606,-89.6553
Wheaton Generating Plant,WI,,65.00,,44.8864,-91.5158
Whitewater Cogeneration Facility,WI,,53.00,,42.8543,-88.7297
Albright Power Station,WV,"3,124",,,39.4883,-79.6367
Big Sandy Peaker Plant,WV,,268.00,,38.3441,-82.5938
Ceredo Generating Station,WV,,70.00,,38.3681,-82.5339
Fort Martin Power Station,WV,"25,561",9388.00,"-16,173",39.7107,-79.9275
Grant Town Power Plant,WV,,1432.00,,39.5611,-80.1642
Harrison Power Station,WV,"36,934",5575.00,"-31,359",39.3844,-80.3325
John E Amos,WV,"37,590",4648.00,"-32,942",38.4731,-81.8233
Kammer,WV,"29,640",,,39.8464,-80.8189
Kanawha River,WV,"7,941",,,38.2056,-81.4211
Longview Power,WV,,1532.00,,39.7078,-79.9588
Mitchell (WV),WV,"21,017",2270.00,"-18,747",39.8297,-80.8153
Morgantown Energy Facility,WV,,1082.00,,39.6397,-79.9606
Mount Storm Power Station,WV,"41,290",1789.00,"-39,501",39.2014,-79.2667
Mountaineer (1301),WV,"14,940",3579.00,"-11,361",38.9794,-81.9344
North Branch Power Station,WV,875,,,39.2623,-79.3306
Phil Sporn,WV,"29,852",,,38.9669,-81.9231
"Pleasants Energy, LLC",WV,,150.00,,39.3328,-81.3639
Pleasants Power Station,WV,"18,567",4514.00,"-14,053",39.3668,-81.2944
Rivesville Power Station,WV,790,,,39.5314,-80.113
Willow Island Power Station,WV,"4,821",,,39.3672,-81.3006
Cheyenne Prairie Generating Station,WY,,9.00,,41.1229,-104.7214
Dave Johnston,WY,"20,301",6316.00,"-13,985",42.8378,-105.7769
Dry Fork Station,WY,,594.00,,44.3901,-105.4591
Jim Bridger,WY,"39,604",7112.00,"-32,492",41.7378,-108.7875
Laramie River,WY,"20,744",7191.00,"-13,553",42.1103,-104.8828
Naughton,WY,"15,247",3527.00,"-11,720",41.7572,-110.5986
Neil Simpson II,WY,208,689.00,481,44.2853,-105.3841
Neil Simpson II (CT2),WY,,4.00,,44.2853,-105.3841
Wygen I,WY,,604.00,,44.2862,-105.3843
Wygen II,WY,,259.00,,44.2911,-105.3815
Wygen III,WY,,186.00,,44.2892,-105.3795
Wyodak,WY,"5,729",2642.00,"-3,087",44.2886,-105.3847
